physician_id,region,specialty,panel_size,expected_scripts,actual_scripts,under_prescriber_risk_score
274,Southeast,Primary Care,759,30.4,25.7,0.6733993352311393
592,Midwest,Primary Care,1562,62.5,46.6,0.6657373596266005
653,Northeast,Cardiology,1488,59.5,48.8,0.6290827529700338
377,Midwest,Pulmonology,1157,46.3,27.7,0.6181927440075424
1020,Midwest,Pulmonology,780,31.2,15.8,0.6162337422458711
700,Southwest,Primary Care,2052,82.1,58.9,0.5984147267409103
340,Southwest,Neurology,1218,48.7,33.9,0.5867386700707858
20,Southwest,Pulmonology,968,38.7,25.4,0.5864155718299975
43,Northeast,Pulmonology,811,32.4,27.6,0.5779704158311697
744,Midwest,Cardiology,1378,55.1,38.5,0.538041522331454
1464,Southwest,Endocrinology,1742,69.7,40.3,0.5196285216264562
553,Southeast,Neurology,757,30.3,17.6,0.5171411921996727
1122,Southwest,Neurology,1485,59.4,47.1,0.5123289286181111
434,Southeast,Neurology,1245,49.8,33.7,0.5016382803220645
23,Midwest,Primary Care,1322,52.9,34.8,0.5006949019967875
195,Southeast,Pulmonology,1606,64.2,62.7,0.5001460953549927
1138,Southwest,Pulmonology,1889,75.6,48.3,0.49537368915251584
1293,Midwest,Endocrinology,1216,48.6,42.4,0.4906073835177362
868,Southeast,Endocrinology,1336,53.4,41.4,0.4905289401539724
481,Southeast,Neurology,381,15.2,10.1,0.48529939954663265
405,Midwest,Pulmonology,1215,48.6,39.4,0.47627296442709816
248,Southeast,Endocrinology,1823,72.9,53.3,0.463967372277611
586,Southwest,Cardiology,543,21.7,23.5,0.4567644293301402
1399,West,Pulmonology,952,38.1,29.6,0.4556443356032401
14,West,Primary Care,1200,48.0,39.5,0.45241608860746324
66,Southwest,Pulmonology,706,28.2,26.2,0.4458964069682578
1029,Midwest,Primary Care,975,39.0,39.9,0.44575591031535794
1299,Southeast,Neurology,1420,56.8,46.4,0.44567992702573017
1064,Northeast,Endocrinology,1055,42.2,45.0,0.44298684837588453
741,West,Endocrinology,1455,58.2,47.3,0.44296049834036555
986,Southeast,Cardiology,1055,42.2,29.5,0.4411373308006959
354,Southeast,Neurology,664,26.6,30.0,0.44058959463476705
632,Northeast,Cardiology,1116,44.6,41.1,0.4346810964825756
148,Southwest,Cardiology,854,34.2,34.5,0.4342226245877284
209,Southwest,Endocrinology,1117,44.7,35.6,0.43163724101360296
996,West,Endocrinology,963,38.5,32.3,0.4249555429419779
309,West,Endocrinology,715,28.6,30.7,0.42343880874503953
877,Midwest,Cardiology,1625,65.0,27.6,0.4173122368372364
1499,Southeast,Pulmonology,980,39.2,15.1,0.4131097399362659
816,Midwest,Endocrinology,1066,42.6,21.9,0.40192623033863706
442,Southwest,Endocrinology,776,31.0,29.5,0.3992369776378029
1174,Midwest,Primary Care,1042,41.7,35.5,0.38923269413690104
1326,Southwest,Primary Care,1413,56.5,49.1,0.3860686209000875
945,West,Primary Care,1703,68.1,61.2,0.38537179902575236
904,Northeast,Endocrinology,550,22.0,25.2,0.3808225885939083
599,Midwest,Endocrinology,1391,55.6,45.6,0.37690930858956573
1333,Southeast,Endocrinology,1260,50.4,44.5,0.37386699286835195
36,Midwest,Cardiology,808,32.3,34.2,0.3734210571679319
417,Southeast,Neurology,1383,55.3,42.5,0.36959050902703205
35,West,Endocrinology,1122,44.9,43.0,0.36867818512516787
738,Southwest,Pulmonology,902,36.1,32.9,0.36865028927860255
101,Southwest,Primary Care,774,31.0,21.3,0.36737942838492027
1255,Midwest,Endocrinology,1258,50.3,36.3,0.36699991697048995
281,Midwest,Primary Care,733,29.3,26.1,0.3649804650974035
1057,Northeast,Cardiology,1378,55.1,55.5,0.36086258054259934
355,Southwest,Pulmonology,1631,65.2,55.1,0.358334948309846
167,Southwest,Pulmonology,1671,66.8,55.4,0.3566717345525539
490,West,Endocrinology,592,23.7,14.6,0.3515741897309763
1402,West,Cardiology,1046,41.8,26.2,0.3504437643341921
362,Southeast,Pulmonology,837,33.5,34.6,0.34500427220154645
556,Southwest,Endocrinology,1136,45.4,37.7,0.34345165155551005
338,Midwest,Primary Care,1224,49.0,34.5,0.34332017349476435
358,West,Primary Care,1727,69.1,38.6,0.34283905611168203
431,Midwest,Primary Care,1035,41.4,30.8,0.33247817027864524
975,West,Primary Care,1408,56.3,33.5,0.33226042374233317
892,Southeast,Neurology,1076,43.0,23.0,0.3320426110668694
895,West,Endocrinology,1429,57.2,55.3,0.3214194254267793
1357,Northeast,Primary Care,1244,49.8,43.8,0.32093406282427916
924,Northeast,Cardiology,1766,70.6,58.0,0.3195285416794239
1170,Southwest,Endocrinology,918,36.7,38.2,0.316873710809386
205,Southeast,Endocrinology,842,33.7,27.4,0.3152360287413341
824,Southwest,Primary Care,879,35.2,24.7,0.31436019370295376
1290,Southwest,Primary Care,1805,72.2,63.1,0.3125220951997603
1123,Southeast,Endocrinology,1398,55.9,49.1,0.31131990834060785
1393,Southwest,Cardiology,1363,54.5,56.1,0.30929424200402
278,Northeast,Endocrinology,1134,45.4,36.9,0.30499872409946044
522,Southwest,Primary Care,1338,53.5,38.0,0.30352148049484395
936,Southeast,Endocrinology,1310,52.4,48.5,0.3016433801784281
179,Southeast,Pulmonology,1449,58.0,54.7,0.30110327548988275
146,West,Primary Care,1133,45.3,55.3,0.2950582933786538
1069,Southeast,Primary Care,1232,49.3,39.1,0.2947814049399902
225,Southwest,Neurology,885,35.4,28.7,0.2908075691395708
57,Midwest,Cardiology,1876,75.0,56.3,0.29000554946072765
1349,West,Neurology,1748,69.9,81.1,0.28594455934228796
1212,Midwest,Primary Care,1546,61.8,46.9,0.28551695961219925
984,Midwest,Endocrinology,1117,44.7,32.0,0.2842944300157995
979,Southeast,Cardiology,1082,43.3,40.5,0.2832097036041213
666,Midwest,Endocrinology,1598,63.9,50.4,0.2831007284703621
851,West,Primary Care,1517,60.7,49.5,0.28198072559321324
766,Southwest,Primary Care,1573,62.9,51.2,0.2813645842590257
227,Midwest,Endocrinology,863,34.5,33.9,0.2767594611030341
49,West,Cardiology,1024,41.0,36.1,0.2764124779253879
1298,West,Cardiology,1300,52.0,36.1,0.27513870751329933
70,Southwest,Neurology,1472,58.9,55.7,0.27306704563473816
126,Midwest,Primary Care,1240,49.6,39.6,0.2712119916822057
265,Southeast,Cardiology,1214,48.6,43.2,0.2709313398917447
356,Midwest,Pulmonology,1286,51.4,40.1,0.26998593984588926
857,Midwest,Neurology,1358,54.3,38.6,0.26640254794979545
521,Southwest,Endocrinology,1110,44.4,45.0,0.26582855818161705
685,West,Cardiology,871,34.8,39.6,0.2653255580140999
1261,Midwest,Primary Care,1130,45.2,42.0,0.2648925059154157
1094,West,Primary Care,801,32.0,25.6,0.2644036149239298
224,Southeast,Cardiology,1503,60.1,43.9,0.2632477149005718
1142,Southeast,Primary Care,1308,52.3,37.2,0.2628718061281638
1487,Midwest,Pulmonology,936,37.4,35.4,0.2628060310394393
1421,Southeast,Cardiology,761,30.4,33.2,0.26219073850503005
1202,Southeast,Endocrinology,1353,54.1,44.5,0.26153715950182377
1482,Southwest,Primary Care,1368,54.7,31.6,0.2614238668529157
393,Midwest,Endocrinology,1903,76.1,43.2,0.25984702460250253
967,Midwest,Cardiology,1002,40.1,33.5,0.25858207586481374
151,Northeast,Neurology,1589,63.6,70.4,0.25807652336695597
878,Southeast,Neurology,1210,48.4,51.9,0.25540049991915653
958,West,Neurology,1343,53.7,28.0,0.2553150442529205
118,West,Cardiology,895,35.8,40.2,0.25467170935532807
725,Northeast,Pulmonology,1112,44.5,42.5,0.2541439631456302
257,Southwest,Pulmonology,929,37.2,39.0,0.2540667939935924
157,West,Pulmonology,682,27.3,20.9,0.24920867331890226
1037,Midwest,Cardiology,919,36.8,33.4,0.24862968565235488
1242,Southwest,Endocrinology,919,36.8,24.1,0.24800642687643645
516,Midwest,Endocrinology,1218,48.7,38.4,0.24621600180538925
1325,West,Primary Care,1012,40.5,39.1,0.24520131225433034
288,Midwest,Endocrinology,1189,47.6,50.1,0.24411637612200057
1403,Southeast,Primary Care,200,8.0,8.9,0.24130227722001074
1277,Northeast,Neurology,892,35.7,31.3,0.23895482780603042
972,Southeast,Primary Care,546,21.8,14.4,0.23893549336655762
714,Southwest,Pulmonology,977,39.1,26.5,0.23763867894400123
2,Midwest,Pulmonology,1050,42.0,39.9,0.23760083934810822
650,Southwest,Neurology,1733,69.3,50.3,0.23590378985210994
1295,Southeast,Pulmonology,1745,69.8,45.5,0.23427479833894133
845,Southeast,Primary Care,848,33.9,27.2,0.23403552989052007
991,Southwest,Pulmonology,871,34.8,17.4,0.23355669470266657
1233,Southeast,Cardiology,1363,54.5,46.2,0.2321932499665565
127,Midwest,Neurology,1117,44.7,31.2,0.23133341460675585
213,Northeast,Primary Care,1266,50.6,47.6,0.2302816543832448
96,Midwest,Cardiology,1332,53.3,50.5,0.23000918321603786
1489,Northeast,Pulmonology,1683,67.3,51.7,0.22931673396573934
962,Northeast,Cardiology,1205,48.2,38.1,0.22748500667624227
743,Midwest,Endocrinology,643,25.7,22.5,0.22714958370862035
1125,Southeast,Pulmonology,1196,47.8,43.5,0.22633139754295065
1279,Southwest,Pulmonology,1127,45.1,43.7,0.22568854209585354
307,Southwest,Primary Care,1393,55.7,56.9,0.22556306315761251
588,Northeast,Cardiology,1285,51.4,49.5,0.2245545199715804
612,Midwest,Endocrinology,200,8.0,6.0,0.2226082812848745
606,West,Endocrinology,1991,79.6,65.7,0.2215387749620483
1304,Northeast,Neurology,419,16.8,11.6,0.22074516459092677
548,Southwest,Cardiology,1505,60.2,59.5,0.21931487912274875
1408,Southeast,Primary Care,1612,64.5,64.9,0.21645295037975537
1465,West,Endocrinology,891,35.6,21.8,0.21447865407974862
980,Midwest,Neurology,559,22.4,10.3,0.21396395825804806
883,Midwest,Primary Care,883,35.3,31.0,0.21376847685972653
817,Northeast,Neurology,1286,51.4,45.5,0.2125880763963267
1425,Southeast,Neurology,1032,41.3,45.0,0.21039862127734305
390,Northeast,Cardiology,1308,52.3,49.1,0.2100537649937972
1420,Northeast,Pulmonology,1506,60.2,41.5,0.2097264125097748
184,Midwest,Neurology,1460,58.4,45.6,0.20850932708775685
669,Southeast,Pulmonology,1033,41.3,34.0,0.20798784111860252
87,Southeast,Cardiology,1558,62.3,54.9,0.20379247536065942
98,West,Neurology,833,33.3,29.5,0.20322993415291776
451,Southwest,Pulmonology,918,36.7,33.9,0.2030234428640452
264,Southwest,Pulmonology,672,26.9,23.8,0.20277356740629193
427,Southwest,Primary Care,1471,58.8,50.1,0.20213312216825885
76,Southeast,Cardiology,962,38.5,33.8,0.2005886868537599
818,Northeast,Neurology,960,38.4,39.8,0.19971028824994952
1120,Southeast,Cardiology,812,32.5,27.1,0.19921542751174634
178,Southwest,Primary Care,716,28.6,26.7,0.19675401180942656
401,West,Neurology,1130,45.2,35.9,0.19411387451773482
47,Southeast,Endocrinology,940,37.6,26.8,0.19319959804350456
168,West,Primary Care,932,37.3,35.7,0.19297179139251938
963,Southeast,Pulmonology,1420,56.8,55.8,0.1925494276320987
199,Southeast,Cardiology,1181,47.2,35.0,0.1916745571484534
508,Southwest,Pulmonology,978,39.1,33.3,0.19042360922053722
1491,Midwest,Cardiology,1795,71.8,86.0,0.18975642151574906
1449,Southeast,Cardiology,1401,56.0,63.1,0.18605565677127106
978,Southwest,Neurology,1143,45.7,33.8,0.18590645817801899
608,Southwest,Endocrinology,1196,47.8,39.9,0.18506738462904204
1457,Midwest,Primary Care,1179,47.2,43.9,0.18341226400908378
668,Northeast,Neurology,1144,45.8,42.7,0.18325043506167973
104,Northeast,Pulmonology,917,36.7,35.5,0.18314203930240033
201,Southwest,Primary Care,1043,41.7,28.8,0.18221368175410524
1315,Northeast,Pulmonology,1385,55.4,56.6,0.1811022224054521
335,Northeast,Pulmonology,1843,73.7,57.0,0.18080918258847367
105,Southwest,Pulmonology,925,37.0,41.4,0.18034398890023245
889,Southwest,Endocrinology,2211,88.4,78.8,0.17983602876012142
1254,Southwest,Pulmonology,1435,57.4,43.9,0.17951349122977228
1451,Northeast,Endocrinology,1077,43.1,29.8,0.17703723427630266
753,Northeast,Cardiology,1327,53.1,52.6,0.1767145252426823
438,West,Primary Care,964,38.6,24.6,0.17566267365934896
937,Southeast,Neurology,1531,61.2,54.4,0.17535989091510462
1028,Southeast,Cardiology,1140,45.6,43.3,0.17434658172916667
254,Southeast,Primary Care,931,37.2,36.3,0.17372394230661214
827,Southwest,Primary Care,1527,61.1,60.4,0.17336071953571167
1031,Northeast,Neurology,997,39.9,33.4,0.1733022496350548
1104,West,Primary Care,533,21.3,15.4,0.17292683684086255
1411,Southeast,Neurology,1299,52.0,40.4,0.17292612811678265
1012,Northeast,Primary Care,1215,48.6,52.2,0.17253835225598957
1297,Midwest,Endocrinology,1191,47.6,42.1,0.1717378859288816
1500,West,Primary Care,1292,51.7,54.0,0.17076924813239006
909,Southwest,Cardiology,863,34.5,27.7,0.1705837724692968
1046,West,Primary Care,856,34.2,29.5,0.1703543149854019
887,Southeast,Cardiology,1537,61.5,63.8,0.17014966003867826
520,Southeast,Neurology,1279,51.2,48.4,0.16745397287154498
1432,Southeast,Neurology,918,36.7,37.3,0.16623734567344423
994,Southwest,Pulmonology,1671,66.8,48.6,0.1643685162958464
510,Midwest,Endocrinology,1198,47.9,38.5,0.1630540436504765
699,West,Endocrinology,1205,48.2,43.2,0.16280715197890835
1269,Midwest,Pulmonology,808,32.3,19.2,0.16129443722886513
1270,West,Cardiology,843,33.7,32.6,0.1597114565207513
591,Midwest,Pulmonology,545,21.8,23.8,0.1592049134312507
1360,Northeast,Primary Care,1055,42.2,37.2,0.15893401345294356
575,Southeast,Primary Care,821,32.8,33.5,0.15874612540214947
92,Southeast,Endocrinology,1469,58.8,52.4,0.15836675016554036
1444,West,Pulmonology,1248,49.9,46.2,0.15794920371457485
836,Midwest,Pulmonology,1494,59.8,66.1,0.15747681686672735
616,Southeast,Neurology,603,24.1,23.7,0.15682944885160136
1110,Northeast,Neurology,1175,47.0,48.0,0.15499047664556626
197,Midwest,Neurology,1337,53.5,57.2,0.15410998754863806
821,Northeast,Endocrinology,1850,74.0,51.3,0.15264412556966792
692,Southeast,Cardiology,1500,60.0,57.2,0.1520554973943119
4,Midwest,Primary Care,1448,57.9,47.4,0.15092975783697454
289,Northeast,Endocrinology,1026,41.0,36.6,0.15076832944385002
1007,Southwest,Neurology,1867,74.7,56.6,0.1501741818883454
551,Northeast,Neurology,1462,58.5,46.1,0.15012968891552472
268,Northeast,Pulmonology,852,34.1,34.3,0.14859402993457116
886,Midwest,Endocrinology,1426,57.0,50.9,0.14837075170198968
310,Southeast,Primary Care,1765,70.6,79.8,0.14819922024968388
1323,Southeast,Pulmonology,811,32.4,31.2,0.14793759180438218
1468,Midwest,Neurology,812,32.5,25.5,0.14740600309656424
913,Southeast,Cardiology,1210,48.4,52.1,0.14739397641945015
771,Midwest,Cardiology,2021,80.8,74.1,0.14579422540047376
316,Southeast,Neurology,1060,42.4,22.5,0.14364812735530355
823,Midwest,Cardiology,576,23.0,16.8,0.1424771352291878
304,Northeast,Endocrinology,1039,41.6,44.3,0.14228637564078836
240,Midwest,Cardiology,1224,49.0,46.2,0.14210421451833954
960,West,Endocrinology,1336,53.4,52.7,0.14202919132361003
326,West,Neurology,1244,49.8,44.8,0.1419763058219859
829,West,Neurology,1862,74.5,59.3,0.14173389907632497
1314,Southeast,Pulmonology,829,33.2,37.4,0.14077961398833788
1181,Southwest,Pulmonology,1563,62.5,54.2,0.14075548167471583
865,Northeast,Endocrinology,1852,74.1,61.9,0.14008417506439425
408,Southeast,Cardiology,792,31.7,35.2,0.139446733501845
392,Southeast,Neurology,1271,50.8,43.2,0.13940997434109653
385,Northeast,Pulmonology,1002,40.1,35.0,0.13886514450016554
1070,Southeast,Cardiology,1279,51.2,51.5,0.13793242047253396
745,West,Endocrinology,1230,49.2,38.5,0.13675851083703552
3,Southwest,Pulmonology,1281,51.2,47.0,0.13657930364574383
1229,West,Pulmonology,638,25.5,13.8,0.1365040556213565
345,Southwest,Pulmonology,1467,58.7,45.7,0.13369888871747462
710,Southeast,Cardiology,1285,51.4,39.6,0.13329379461125287
1446,West,Endocrinology,1210,48.4,49.2,0.1331551268571915
219,Southeast,Neurology,1064,42.6,49.1,0.132948609622078
123,Southeast,Endocrinology,1256,50.2,51.6,0.1316466970435139
450,Midwest,Cardiology,678,27.1,20.8,0.13109968071308725
603,Midwest,Endocrinology,1866,74.6,45.3,0.13014661398404587
1156,Northeast,Neurology,1880,75.2,57.9,0.12964754716854482
831,Southeast,Cardiology,1536,61.4,60.1,0.12951845071799872
64,Southeast,Pulmonology,747,29.9,29.7,0.12677748766135744
988,Southeast,Cardiology,1688,67.5,57.4,0.12569634791458506
1160,Midwest,Neurology,1215,48.6,52.1,0.12554115969132593
1015,Midwest,Primary Care,1808,72.3,66.0,0.12527306638734595
302,West,Endocrinology,1749,70.0,59.9,0.12448098698835787
774,Southwest,Primary Care,1581,63.2,43.8,0.12433493032978711
303,Northeast,Endocrinology,969,38.8,44.4,0.12389227352971276
1197,Midwest,Neurology,794,31.8,24.9,0.12376421224541734
460,Midwest,Endocrinology,1422,56.9,50.7,0.1235165604396343
299,Southwest,Pulmonology,767,30.7,26.1,0.12302881602517267
270,Southwest,Primary Care,507,20.3,16.4,0.12298306774799062
704,West,Neurology,1138,45.5,26.0,0.12253317076688934
1338,Midwest,Primary Care,1595,63.8,62.9,0.1224044250948194
1428,Midwest,Primary Care,1191,47.6,48.7,0.12220120381907758
918,Southwest,Endocrinology,1373,54.9,60.2,0.12215862319159435
432,Northeast,Neurology,840,33.6,29.1,0.12215495144579445
702,Southwest,Pulmonology,1459,58.4,58.6,0.12207553179603692
134,Northeast,Cardiology,1060,42.4,35.8,0.12190979547052297
375,Northeast,Endocrinology,1636,65.4,69.7,0.11937350509645157
17,West,Pulmonology,1211,48.4,50.2,0.11900978287064287
360,West,Cardiology,822,32.9,24.3,0.1180204413391494
966,Southeast,Neurology,757,30.3,30.4,0.11801961937070429
825,Southeast,Pulmonology,901,36.0,34.8,0.11771901556941043
901,Midwest,Pulmonology,1919,76.8,60.5,0.11753741470835163
1371,West,Neurology,818,32.7,32.2,0.11753622698943254
828,Northeast,Primary Care,1338,53.5,62.3,0.1173544277025296
1095,Midwest,Neurology,1500,60.0,64.4,0.11724652044490141
1240,Southeast,Primary Care,498,19.9,23.0,0.11721722314552162
266,West,Cardiology,1601,64.0,67.3,0.11683348871030395
30,Southeast,Pulmonology,1380,55.2,50.0,0.11599211423189601
528,Southwest,Endocrinology,1184,47.4,38.9,0.11591092918110579
993,Northeast,Pulmonology,737,29.5,33.0,0.11583190275609691
540,Southwest,Primary Care,991,39.6,37.4,0.11564889237853343
165,Midwest,Primary Care,1398,55.9,57.4,0.11521198098954444
1394,Northeast,Neurology,1348,53.9,43.9,0.11501222492382844
487,Northeast,Endocrinology,835,33.4,26.9,0.1138949978380947
1264,Midwest,Endocrinology,1308,52.3,41.2,0.1137052813200801
729,Southwest,Endocrinology,1295,51.8,43.0,0.11337349460204627
1211,Southeast,Primary Care,1671,66.8,57.1,0.11335628268611658
470,West,Cardiology,1035,41.4,34.4,0.11308518895998437
750,West,Primary Care,831,33.2,32.0,0.11278324926283663
318,Northeast,Endocrinology,1605,64.2,55.3,0.11265307711254928
368,Midwest,Neurology,694,27.8,21.4,0.11209585191675482
365,Southeast,Primary Care,997,39.9,31.5,0.1120371504515278
488,Northeast,Endocrinology,1809,72.4,56.9,0.11188292205141048
667,Midwest,Pulmonology,650,26.0,20.2,0.11185585810113562
462,Midwest,Endocrinology,1136,45.4,46.8,0.11176283859422949
228,West,Pulmonology,1313,52.5,60.1,0.11170129620540112
770,West,Pulmonology,1589,63.6,64.9,0.11148919888743125
1268,Midwest,Pulmonology,1536,61.4,61.9,0.11147755497429011
1108,Southeast,Neurology,1728,69.1,71.3,0.11083470362382208
742,West,Cardiology,713,28.5,30.6,0.11050976761231597
1127,Midwest,Neurology,2053,82.1,98.9,0.11043207941188349
21,Southwest,Pulmonology,1100,44.0,44.1,0.10969943892827763
518,Southeast,Cardiology,876,35.0,35.4,0.1079846281398811
795,Southeast,Endocrinology,904,36.2,36.5,0.10786106131651564
246,Midwest,Neurology,914,36.6,28.9,0.10770574209417225
916,Midwest,Cardiology,1329,53.2,52.2,0.10755835431326116
790,Southeast,Cardiology,687,27.5,29.3,0.10706213228794582
1365,Northeast,Pulmonology,1264,50.6,40.9,0.10675724601073121
277,Northeast,Endocrinology,1143,45.7,35.3,0.10552822089732843
1380,West,Cardiology,1093,43.7,46.4,0.10546974744107376
415,Southwest,Primary Care,1272,50.9,50.5,0.10455213283598333
322,Northeast,Endocrinology,947,37.9,39.7,0.10446797089744371
529,Midwest,Primary Care,1625,65.0,66.1,0.10259431529372125
222,Midwest,Pulmonology,1050,42.0,41.4,0.1025582097751144
673,West,Primary Care,1813,72.5,64.0,0.10149763966362153
1251,Southwest,Primary Care,1674,67.0,84.0,0.10107205035023757
471,Midwest,Endocrinology,886,35.4,33.2,0.1008661639622948
549,West,Endocrinology,903,36.1,34.7,0.10058442355672327
989,West,Primary Care,1733,69.3,61.9,0.0999873368537427
1379,Northeast,Cardiology,1560,62.4,73.8,0.09981308201644037
848,West,Pulmonology,951,38.0,38.3,0.09972919013881365
215,Southwest,Endocrinology,1117,44.7,35.1,0.09887027034581125
931,Northeast,Cardiology,1239,49.6,56.7,0.09759422109724358
1182,Southeast,Primary Care,1892,75.7,57.4,0.0963633185190406
1132,Southwest,Endocrinology,991,39.6,46.8,0.09581011211753902
324,Southeast,Cardiology,688,27.5,25.9,0.09540227935519281
1058,Midwest,Primary Care,1189,47.6,43.0,0.0953090458066975
5,Southwest,Neurology,1370,54.8,45.3,0.09518318548436175
152,Northeast,Endocrinology,1081,43.2,37.5,0.0948266547996147
1362,Southwest,Pulmonology,1585,63.4,37.2,0.09457631761088674
950,Northeast,Pulmonology,1321,52.8,42.2,0.09457385907836262
543,Northeast,Neurology,710,28.4,25.1,0.09445131909866251
658,West,Primary Care,572,22.9,19.8,0.09413026345314426
1392,West,Endocrinology,969,38.8,36.9,0.09388856635440529
102,Midwest,Endocrinology,1212,48.5,60.4,0.09374393095673612
34,Midwest,Neurology,1051,42.0,32.7,0.09287470400252645
1119,Northeast,Pulmonology,1138,45.5,43.3,0.09258093245039456
1140,Southeast,Primary Care,1631,65.2,89.6,0.09256391141715369
1047,Southeast,Endocrinology,1635,65.4,58.5,0.09232368553209863
247,Southwest,Endocrinology,1376,55.0,63.0,0.09175425479654978
1369,Midwest,Endocrinology,995,39.8,46.5,0.09160884362909315
1322,Midwest,Neurology,1449,58.0,55.6,0.09136874843005914
421,Northeast,Cardiology,721,28.8,29.2,0.091064670283813
216,Southwest,Neurology,1164,46.6,32.2,0.09099387381634211
1346,Northeast,Neurology,771,30.8,29.5,0.08966083359726301
506,Midwest,Primary Care,1224,49.0,45.7,0.0891970720453596
38,Northeast,Pulmonology,1672,66.9,46.1,0.08886387119494275
412,Southeast,Neurology,816,32.6,37.8,0.08867896087010047
276,Northeast,Cardiology,1867,74.7,42.4,0.08860615553997984
571,West,Endocrinology,929,37.2,28.7,0.08843781409757387
1136,West,Primary Care,1436,57.4,57.4,0.08831677352111646
461,Northeast,Endocrinology,1154,46.2,41.8,0.08821415082030812
1144,Southeast,Endocrinology,852,34.1,34.5,0.08735007219099994
251,Southwest,Endocrinology,871,34.8,27.2,0.08691667338423789
149,Midwest,Neurology,999,40.0,51.2,0.08618258630631859
124,Northeast,Endocrinology,1037,41.5,39.5,0.08599537095290162
414,Southeast,Cardiology,1171,46.8,45.9,0.08590352464468574
688,West,Pulmonology,853,34.1,29.2,0.0857872412842949
484,Southeast,Neurology,1306,52.2,44.5,0.08566237196161758
987,Southeast,Cardiology,1540,61.6,61.6,0.08565910353707475
764,West,Primary Care,1328,53.1,45.9,0.0853953767384285
935,Northeast,Primary Care,1233,49.3,50.3,0.08474620466076292
1134,Southwest,Pulmonology,758,30.3,33.5,0.08412206621301573
1472,Southeast,Cardiology,1107,44.3,40.1,0.08411125983579305
903,West,Primary Care,1517,60.7,66.9,0.08383600388499979
1027,Midwest,Cardiology,1210,48.4,50.7,0.08380287410091697
507,Southwest,Neurology,1209,48.4,50.0,0.08298037955986681
1485,Midwest,Primary Care,1195,47.8,41.1,0.08295994433535389
1281,West,Cardiology,1618,64.7,67.7,0.08270560915246981
985,West,Endocrinology,1537,61.5,49.0,0.0824779687525858
130,Southwest,Primary Care,900,36.0,34.9,0.08238253979878393
839,Northeast,Neurology,1416,56.6,59.1,0.08227362575692505
129,Southwest,Endocrinology,1375,55.0,58.6,0.0819941684440242
409,Midwest,Pulmonology,783,31.3,32.0,0.08181747071292422
212,Southeast,Primary Care,1363,54.5,54.6,0.08162863778266216
1478,Midwest,Endocrinology,1556,62.2,61.7,0.08074669922483646
1244,Southwest,Cardiology,1064,42.6,46.2,0.08068866350946172
492,Southeast,Primary Care,387,15.5,15.1,0.08066594455553466
444,West,Neurology,1749,70.0,86.5,0.08064521510003976
809,Southwest,Primary Care,1549,62.0,59.1,0.08052452796368596
170,West,Primary Care,1870,74.8,78.9,0.08009734373564854
1441,Southeast,Cardiology,1063,42.5,31.2,0.08006783838673534
798,West,Pulmonology,861,34.4,25.5,0.07965713121376022
1080,Southwest,Primary Care,690,27.6,32.2,0.07963232392123
841,Northeast,Primary Care,1668,66.7,62.9,0.07955121986985857
1337,West,Pulmonology,1324,53.0,40.2,0.07843115455737519
951,Midwest,Primary Care,559,22.4,20.6,0.07751822799962814
258,Northeast,Cardiology,1006,40.2,39.6,0.07743631341606373
1164,Midwest,Neurology,1295,51.8,43.2,0.07741909034475808
283,Southwest,Primary Care,1708,68.3,73.2,0.0771763315842995
775,Northeast,Neurology,913,36.5,23.5,0.07698362403597674
465,Midwest,Neurology,1441,57.6,49.3,0.0769363901907223
737,Southwest,Neurology,1763,70.5,60.4,0.07680347000032144
971,Southwest,Neurology,1293,51.7,58.7,0.07655817906377639
947,Midwest,Cardiology,1440,57.6,54.4,0.07640110384236988
864,West,Primary Care,1317,52.7,40.2,0.07639846979914497
163,West,Endocrinology,1776,71.0,85.1,0.07617063979750804
147,Northeast,Primary Care,690,27.6,29.9,0.07609979052540033
614,Midwest,Cardiology,1166,46.6,31.2,0.07564913596841516
111,Northeast,Endocrinology,1308,52.3,41.4,0.07554852418939449
1131,West,Pulmonology,862,34.5,34.0,0.0751254014646587
970,Northeast,Neurology,829,33.2,32.9,0.07440031003319651
400,Midwest,Endocrinology,1248,49.9,54.4,0.07389943235517682
1273,Southeast,Pulmonology,956,38.2,47.0,0.07359675407212204
469,Midwest,Primary Care,1275,51.0,32.8,0.0733786864848602
1250,Midwest,Primary Care,1383,55.3,50.1,0.07312687283088161
1301,Southwest,Endocrinology,849,34.0,36.7,0.07230111893910512
633,Northeast,Endocrinology,1157,46.3,45.5,0.07199532668781719
789,Northeast,Cardiology,1419,56.8,39.7,0.07186590671004728
1039,Midwest,Neurology,1700,68.0,63.6,0.07116697595243095
953,West,Primary Care,1426,57.0,63.6,0.07108155797609801
1494,Southwest,Endocrinology,1738,69.5,67.7,0.070998807455749
501,Southwest,Primary Care,2038,81.5,88.2,0.07056415861242533
1409,West,Neurology,744,29.8,19.6,0.07029594653981742
1366,Southeast,Pulmonology,1642,65.7,75.6,0.0702552063584866
881,Southwest,Neurology,1175,47.0,37.9,0.0700070064617128
873,West,Pulmonology,656,26.2,19.9,0.06989421829909463
1126,Midwest,Primary Care,1680,67.2,79.1,0.06984138907569346
1130,Southeast,Pulmonology,812,32.5,34.2,0.06968447631265497
572,Midwest,Endocrinology,804,32.2,33.6,0.06954011888131696
1017,Midwest,Primary Care,1087,43.5,45.6,0.06941930014422337
1400,Northeast,Primary Care,1387,55.5,71.6,0.06914815394894352
1455,Midwest,Primary Care,1287,51.5,55.2,0.0691004759945946
1228,Midwest,Pulmonology,1507,60.3,56.6,0.0683359791099612
802,Southwest,Pulmonology,1042,41.7,37.4,0.0682058068593328
220,Southeast,Primary Care,1258,50.3,42.9,0.06819774259247752
661,West,Cardiology,1390,55.6,43.5,0.06819546592179797
716,Southwest,Endocrinology,727,29.1,34.2,0.0681124106305016
325,Southeast,Neurology,989,39.6,43.5,0.0677377614787187
1431,Midwest,Pulmonology,1098,43.9,37.2,0.06722943049516036
654,Midwest,Neurology,1118,44.7,36.0,0.06690539003760929
689,Northeast,Primary Care,724,29.0,23.1,0.06684510239630624
834,Midwest,Cardiology,1473,58.9,49.3,0.06674753283113846
1009,Northeast,Primary Care,1527,61.1,58.7,0.06646108954368884
512,Southeast,Pulmonology,1039,41.6,42.1,0.06638939253841354
153,West,Primary Care,1469,58.8,75.9,0.06630129413344851
439,Southeast,Endocrinology,610,24.4,24.8,0.06624715071222063
660,West,Primary Care,1310,52.4,37.2,0.0661629885306651
40,Northeast,Neurology,1295,51.8,47.2,0.06603059392155212
1381,Northeast,Cardiology,1353,54.1,52.9,0.0658339012115562
1191,West,Endocrinology,1333,53.3,60.6,0.06581890821732242
621,Midwest,Neurology,1045,41.8,39.9,0.06556366818067037
79,Midwest,Endocrinology,841,33.6,33.3,0.06553917508050944
18,Southwest,Endocrinology,1281,51.2,51.4,0.06521587833422783
1497,Southwest,Pulmonology,1951,78.0,69.8,0.06517065815069754
388,Midwest,Cardiology,1748,69.9,63.6,0.0651616218821839
1436,Southwest,Cardiology,576,23.0,21.7,0.06499339346525217
1423,Southwest,Cardiology,748,29.9,27.1,0.06498593820562525
1484,West,Pulmonology,1743,69.7,77.8,0.06491927246126675
1434,Southwest,Neurology,1111,44.4,35.9,0.06488974872013165
544,Midwest,Cardiology,595,23.8,23.6,0.06485225623731344
133,Midwest,Endocrinology,1735,69.4,72.9,0.0647618315259006
474,West,Cardiology,709,28.4,15.8,0.06464110696670138
495,Midwest,Endocrinology,1477,59.1,58.6,0.06435260141488112
1169,Midwest,Primary Care,1443,57.7,71.5,0.06416174631761178
1145,Northeast,Endocrinology,1577,63.1,57.1,0.06391148022040719
735,Midwest,Cardiology,1364,54.6,55.7,0.06303787365759178
1292,West,Primary Care,1852,74.1,88.7,0.06294442086334828
905,Southwest,Pulmonology,1400,56.0,58.7,0.06278530438367749
1462,Midwest,Pulmonology,1069,42.8,28.0,0.062293348292739546
1300,Midwest,Cardiology,461,18.4,20.0,0.061860864450286206
424,West,Pulmonology,1022,40.9,28.0,0.06153910119683799
731,Southeast,Cardiology,1202,48.1,48.5,0.061488955805626355
982,West,Neurology,1089,43.6,29.4,0.06114625277167348
455,Northeast,Neurology,1660,66.4,80.3,0.06070622507528554
399,West,Cardiology,1566,62.6,49.8,0.0604186238231389
180,Southwest,Endocrinology,935,37.4,35.5,0.06040753092336669
593,Northeast,Cardiology,1201,48.0,46.0,0.059703948209434934
1493,Northeast,Pulmonology,1983,79.3,64.4,0.05954245465998691
1203,Southwest,Pulmonology,1567,62.7,63.4,0.059355075111394574
373,West,Neurology,1642,65.7,63.1,0.059151953143092365
311,Midwest,Endocrinology,995,39.8,46.4,0.05914449679908904
842,West,Neurology,1911,76.4,83.1,0.05910682995996769
1388,Northeast,Endocrinology,1678,67.1,57.6,0.05888058054577287
687,Southeast,Cardiology,1429,57.2,51.5,0.05872523235197111
1471,Southeast,Endocrinology,1290,51.6,42.9,0.05872422618455313
532,Midwest,Neurology,1196,47.8,54.3,0.058497919970709404
1404,Southeast,Cardiology,1435,57.4,81.3,0.058493472565846215
1187,Southeast,Endocrinology,1525,61.0,55.7,0.05804860053134104
1161,Southeast,Pulmonology,1722,68.9,56.2,0.05749368160485985
1053,West,Endocrinology,1534,61.4,52.4,0.057474139692589146
646,West,Endocrinology,1369,54.8,46.7,0.05706669670614571
833,West,Neurology,1383,55.3,38.2,0.05694372574239237
1052,Northeast,Cardiology,1106,44.2,43.3,0.05664356378036282
954,Southwest,Cardiology,379,15.2,16.1,0.05638087398559625
273,Southwest,Neurology,1143,45.7,61.6,0.05588341918736003
952,Midwest,Neurology,501,20.0,13.2,0.05555287074702011
144,Midwest,Neurology,1017,40.7,31.9,0.05549169999773385
1288,Southeast,Cardiology,401,16.0,16.3,0.05547038892380056
1305,Southeast,Pulmonology,1853,74.1,73.0,0.05546359167939063
1397,Southwest,Endocrinology,1350,54.0,48.9,0.05525725523327141
1284,Southeast,Cardiology,824,33.0,29.6,0.055160048294812206
9,Southwest,Primary Care,1185,47.4,41.1,0.05499732039053157
323,Northeast,Neurology,645,25.8,24.5,0.05475096657309584
708,West,Endocrinology,1180,47.2,47.5,0.05468810427035736
1177,Southwest,Primary Care,1147,45.9,33.3,0.0546594798600929
1405,Southeast,Neurology,1126,45.0,39.8,0.05455997750751921
866,Southwest,Pulmonology,1667,66.7,77.0,0.054245134873123296
787,Northeast,Neurology,875,35.0,39.1,0.05390755585077375
1417,Southwest,Primary Care,966,38.6,35.5,0.05382755475216659
943,Midwest,Endocrinology,717,28.7,32.3,0.053745169452073215
425,West,Neurology,712,28.5,31.6,0.053480683265651155
925,West,Pulmonology,1820,72.8,60.7,0.05344205364253922
1311,Midwest,Neurology,1036,41.4,37.2,0.05343352908451415
1230,Midwest,Cardiology,814,32.6,38.5,0.053235256386073994
1207,Midwest,Neurology,1113,44.5,40.5,0.053171153394442804
1011,Northeast,Neurology,546,21.8,18.7,0.053061007156527236
150,Southeast,Primary Care,1699,68.0,77.1,0.053050753109013346
352,West,Primary Care,1141,45.6,47.4,0.05298020220456299
1259,Southeast,Cardiology,862,34.5,32.2,0.052954465246039736
208,Northeast,Pulmonology,1760,70.4,82.1,0.05293960147381847
1442,West,Cardiology,1096,43.8,46.1,0.05285450277649786
619,Midwest,Primary Care,1094,43.8,46.3,0.05271733250691036
797,Southwest,Primary Care,1341,53.6,65.9,0.05252188421850522
1348,Northeast,Neurology,1578,63.1,51.4,0.052061580318844614
726,Northeast,Endocrinology,923,36.9,34.2,0.05194980404367588
1043,Southwest,Pulmonology,1057,42.3,39.8,0.05193680997858757
598,West,Pulmonology,1143,45.7,42.7,0.05167817698891637
1065,Southeast,Primary Care,1301,52.0,57.1,0.05118334009194024
1049,Midwest,Pulmonology,1304,52.2,44.8,0.05110778125440118
269,Southeast,Primary Care,1469,58.8,50.6,0.051080797703109894
1396,Southeast,Primary Care,647,25.9,29.0,0.0510588819961632
849,Southwest,Cardiology,1306,52.2,50.0,0.05105410476677815
577,Southwest,Endocrinology,1104,44.2,47.1,0.05101995821261699
1209,Northeast,Neurology,1674,67.0,65.7,0.050924123700414874
1018,Northeast,Neurology,1080,43.2,38.3,0.05084723825385579
1416,Southeast,Endocrinology,832,33.3,35.4,0.050564929027420644
106,Northeast,Endocrinology,1586,63.4,58.3,0.05044493204230257
938,West,Cardiology,935,37.4,36.9,0.05025882991139005
778,Northeast,Pulmonology,1189,47.6,46.2,0.05019520755601575
1118,Northeast,Cardiology,1594,63.8,53.6,0.05014558988743168
600,Southwest,Endocrinology,912,36.5,32.4,0.050109952115422594
1102,Southeast,Pulmonology,1181,47.2,42.8,0.04972805632666426
1035,West,Neurology,650,26.0,20.1,0.049703862989765236
82,Southwest,Endocrinology,928,37.1,37.9,0.04952269641323292
1045,Midwest,Neurology,1369,54.8,46.1,0.04940981375004559
1336,Southwest,Endocrinology,1570,62.8,70.2,0.04908118742879304
990,West,Pulmonology,1911,76.4,90.1,0.04809116050000446
1016,Southeast,Endocrinology,1016,40.6,34.3,0.04763096944445907
607,West,Cardiology,1164,46.6,37.2,0.047533746299152246
1067,Midwest,Pulmonology,1431,57.2,55.2,0.04737178109307634
1271,Southwest,Primary Care,1007,40.3,40.4,0.0471969035516326
911,Southwest,Neurology,1357,54.3,37.9,0.04703645318020002
822,West,Neurology,1740,69.6,71.6,0.046950303433626876
493,Northeast,Neurology,1586,63.4,78.5,0.04674726208888676
1084,West,Endocrinology,1488,59.5,62.8,0.046572042496660165
181,Southwest,Cardiology,2056,82.2,87.6,0.04656039124187946
466,West,Primary Care,1683,67.3,69.9,0.04654104283140875
468,Southwest,Endocrinology,1170,46.8,50.3,0.046297957453442576
545,Southwest,Cardiology,666,26.6,31.4,0.04621421131022682
531,Southwest,Cardiology,1756,70.2,72.3,0.04603711237783785
441,West,Neurology,1004,40.2,39.1,0.04598386900261691
1450,Southwest,Neurology,1474,59.0,61.9,0.04571914956129023
45,Northeast,Pulmonology,999,40.0,48.4,0.045673373287095025
1335,Midwest,Endocrinology,1318,52.7,62.3,0.04558503370655442
541,Southwest,Endocrinology,1058,42.3,46.4,0.04554625613263152
1116,Northeast,Pulmonology,1614,64.6,61.7,0.04508396613359061
569,Southwest,Primary Care,715,28.6,24.7,0.0449217333364317
505,Southeast,Cardiology,1372,54.9,54.9,0.04464381052286176
422,Southeast,Endocrinology,1232,49.3,51.4,0.044491260838641224
524,Southeast,Primary Care,1329,53.2,44.6,0.044344467669068535
131,Midwest,Pulmonology,839,33.6,30.8,0.044072484901483404
229,Southeast,Endocrinology,1191,47.6,49.1,0.0437295269208626
721,Midwest,Cardiology,1332,53.3,51.9,0.04340969996594347
141,Southwest,Endocrinology,907,36.3,31.5,0.0432845366906906
1068,Southeast,Endocrinology,1390,55.6,48.6,0.043124101347356
282,Northeast,Cardiology,1082,43.3,38.9,0.04307287632834567
663,Southwest,Cardiology,1361,54.4,47.8,0.04294410883705652
489,West,Neurology,1085,43.4,44.9,0.042609310309357815
1041,West,Endocrinology,708,28.3,33.5,0.04257791787724124
187,Southwest,Endocrinology,1001,40.0,34.4,0.04253897106682377
333,Northeast,Pulmonology,1000,40.0,36.9,0.0425130150563555
287,West,Pulmonology,1693,67.7,70.3,0.042306504021687216
1289,Southwest,Endocrinology,1288,51.5,56.4,0.04219908452018532
280,Northeast,Primary Care,943,37.7,34.0,0.04204638049603018
160,West,Cardiology,972,38.9,34.0,0.04130173583405828
711,Northeast,Endocrinology,853,34.1,42.9,0.04110330131017157
656,Southeast,Endocrinology,1086,43.4,38.7,0.040806736819992105
1286,Southeast,Endocrinology,1055,42.2,33.6,0.040404371395468194
458,Southeast,Pulmonology,1286,51.4,48.6,0.03961466029021806
361,West,Neurology,885,35.4,21.5,0.03938828140264284
206,Southeast,Cardiology,984,39.4,39.5,0.03907551833044892
1219,Southwest,Cardiology,1182,47.3,43.1,0.038982221245446105
176,Midwest,Pulmonology,830,33.2,31.7,0.03897781187291697
683,Southeast,Endocrinology,980,39.2,37.6,0.0389328814864638
1093,Northeast,Pulmonology,1123,44.9,49.3,0.038910386537030155
1418,Southwest,Primary Care,1556,62.2,67.9,0.03870117395768338
1071,Southwest,Neurology,851,34.0,40.3,0.03851787907224736
1216,Southwest,Primary Care,1270,50.8,59.2,0.03849360078708565
319,Southeast,Primary Care,1529,61.2,82.8,0.03834375400453694
90,Northeast,Neurology,1503,60.1,64.9,0.03823508796819954
862,Southwest,Endocrinology,1417,56.7,77.3,0.038231208690969104
1113,Northeast,Cardiology,780,31.2,28.7,0.038166462133183525
419,West,Pulmonology,1729,69.2,66.5,0.03801780775595826
819,Southwest,Endocrinology,965,38.6,30.2,0.038002048745808
1309,West,Pulmonology,1016,40.6,35.6,0.03787194396096548
1051,Southwest,Cardiology,1420,56.8,42.8,0.03771407226217978
320,Southwest,Primary Care,905,36.2,43.1,0.03765314524216184
1473,Southwest,Primary Care,1435,57.4,62.2,0.037650581141104776
1429,Southeast,Neurology,940,37.6,37.0,0.037623209746256624
997,Southeast,Neurology,1007,40.3,38.7,0.03753668010971306
1124,Midwest,Pulmonology,1407,56.3,61.3,0.03750130472398892
1334,Midwest,Pulmonology,891,35.6,35.9,0.03711862746258779
344,Southeast,Primary Care,1141,45.6,30.3,0.03709568096992843
755,West,Cardiology,912,36.5,36.8,0.03701555678864963
1073,Midwest,Endocrinology,848,33.9,36.7,0.03672901807249451
590,Southeast,Cardiology,993,39.7,49.8,0.036648306332281784
1153,Southeast,Neurology,973,38.9,46.0,0.0365196898610923
445,West,Neurology,1789,71.6,90.2,0.03646032673321897
346,Northeast,Pulmonology,1422,56.9,55.4,0.036281385962642645
244,Midwest,Pulmonology,1304,52.2,65.1,0.03615947190152918
880,West,Neurology,1248,49.9,29.9,0.036136580135644754
1088,Northeast,Primary Care,1429,57.2,67.1,0.0361139332575313
136,West,Neurology,938,37.5,42.1,0.03591920620067239
898,Northeast,Primary Care,1411,56.4,49.2,0.03567323119531297
910,Northeast,Cardiology,1613,64.5,80.3,0.03563402799039632
1105,West,Cardiology,1217,48.7,47.4,0.03541350094661144
1013,Southwest,Cardiology,1092,43.7,42.2,0.03523542109830799
1374,Southwest,Endocrinology,733,29.3,35.1,0.03523423438681607
1010,Southeast,Primary Care,1176,47.0,47.7,0.03521096535217118
263,Southeast,Primary Care,1105,44.2,48.2,0.03516377642186177
6,Southwest,Endocrinology,867,34.7,35.7,0.03514846237128295
1252,Midwest,Primary Care,854,34.2,37.8,0.035119591927921925
1263,Southeast,Neurology,1389,55.6,66.8,0.03497944540713481
1344,Southeast,Pulmonology,1448,57.9,65.7,0.03492480839560138
926,Midwest,Neurology,1415,56.6,60.1,0.03482281558829321
1320,West,Pulmonology,924,37.0,40.9,0.03471831981353203
1386,Northeast,Primary Care,826,33.0,40.9,0.03452125290017874
143,West,Cardiology,1036,41.4,43.9,0.03448071245578867
1310,Southwest,Neurology,966,38.6,43.8,0.03441135595551552
1253,Southeast,Endocrinology,1175,47.0,57.6,0.03423261002644362
1222,Northeast,Neurology,1846,73.8,57.6,0.03415526371393625
27,Southeast,Pulmonology,1358,54.3,69.6,0.03381018414108825
1245,Northeast,Primary Care,1096,43.8,53.4,0.03361194258059407
640,Southeast,Cardiology,1658,66.3,74.7,0.03341929626863307
1258,Midwest,Primary Care,1058,42.3,47.4,0.033186356805076034
369,Southwest,Endocrinology,1418,56.7,57.6,0.032991179677718016
1054,Northeast,Primary Care,669,26.8,31.3,0.03295881032026946
1470,Southeast,Primary Care,1287,51.5,48.5,0.03279200731192896
647,Northeast,Cardiology,1616,64.6,67.4,0.032715618959864017
678,Northeast,Endocrinology,1171,46.8,40.0,0.032066856890992534
404,West,Neurology,1005,40.2,38.5,0.032026854274745095
859,Northeast,Cardiology,1619,64.8,64.4,0.03197246867254095
762,Southeast,Neurology,1073,42.9,36.1,0.031971154296451046
108,West,Pulmonology,1714,68.6,63.6,0.0316976389116547
634,Southwest,Pulmonology,1106,44.2,44.7,0.031694116160593186
366,Northeast,Pulmonology,1578,63.1,76.1,0.03155281588787214
1266,Northeast,Endocrinology,1389,55.6,67.3,0.03154864079739267
1467,Northeast,Endocrinology,1145,45.8,53.1,0.03139231261130965
317,West,Endocrinology,1630,65.2,78.1,0.031073006919715512
430,West,Cardiology,743,29.7,27.5,0.0310558060143982
231,Northeast,Neurology,1079,43.2,37.7,0.030891580978141726
235,Southeast,Pulmonology,1656,66.2,76.2,0.030623573702828304
348,Southwest,Primary Care,1352,54.1,51.3,0.030598968952042276
740,Southeast,Pulmonology,544,21.8,24.9,0.030587225196944273
682,West,Cardiology,1711,68.4,65.5,0.0304334423731591
1246,Northeast,Pulmonology,745,29.8,25.3,0.030432559006661863
198,Midwest,Neurology,1357,54.3,57.1,0.030307252149207126
1239,Northeast,Endocrinology,1167,46.7,62.6,0.030265512075199754
67,Southwest,Pulmonology,1209,48.4,40.8,0.030004697242752232
1459,Northeast,Primary Care,1489,59.6,46.5,0.02999642653059496
772,Southeast,Neurology,1100,44.0,50.1,0.029804738264647065
1090,Northeast,Neurology,1435,57.4,50.5,0.02965006223120161
573,Southeast,Primary Care,1284,51.4,51.4,0.029604194665070232
1128,West,Primary Care,1326,53.0,55.5,0.02953963570616865
1492,Midwest,Cardiology,834,33.4,40.3,0.02921283164733007
463,Midwest,Neurology,1130,45.2,54.1,0.029087022299863798
968,Northeast,Neurology,1235,49.4,40.2,0.028868214157328313
933,Southwest,Neurology,939,37.6,37.5,0.028726475237091677
546,Southeast,Endocrinology,1317,52.7,56.2,0.028683919265127773
350,Midwest,Pulmonology,1076,43.0,48.7,0.028573107957664087
114,Southwest,Pulmonology,1056,42.2,45.2,0.028506071275477936
137,Midwest,Endocrinology,1085,43.4,42.7,0.028491200171313368
267,Southwest,Cardiology,1588,63.5,64.0,0.02844328467691358
733,Southeast,Pulmonology,1349,54.0,54.1,0.028425243437112765
893,Northeast,Neurology,1328,53.1,50.2,0.028414506503777602
1173,Southwest,Cardiology,1556,62.2,76.1,0.028382963040178382
1247,Midwest,Neurology,1494,59.8,46.8,0.028338877860635606
420,Southeast,Neurology,603,24.1,24.6,0.028325142054319442
1151,Midwest,Primary Care,1324,53.0,51.9,0.028212585358133226
1276,Northeast,Pulmonology,754,30.2,35.0,0.0281844758798262
337,Northeast,Primary Care,868,34.7,32.9,0.02808808325227818
1398,Southwest,Primary Care,1804,72.2,72.2,0.028056105691155516
218,Northeast,Primary Care,890,35.6,46.7,0.02800037209336517
624,Northeast,Primary Care,955,38.2,38.3,0.02791952907395245
1274,Southeast,Neurology,1104,44.2,44.2,0.027808222741988586
69,Southwest,Neurology,946,37.8,41.0,0.027775591866976902
459,Midwest,Pulmonology,1282,51.3,31.7,0.02773758694661829
1498,Northeast,Pulmonology,1010,40.4,36.1,0.02772362830134311
1358,Midwest,Pulmonology,351,14.0,13.9,0.027695160291935427
1117,Southeast,Pulmonology,1224,49.0,48.1,0.02767829088441878
758,West,Cardiology,1532,61.3,53.2,0.027625513137458556
1241,Midwest,Neurology,1059,42.4,46.1,0.027540673132302164
214,Southeast,Endocrinology,1475,59.0,53.3,0.0270163060166267
578,Southwest,Primary Care,200,8.0,9.1,0.026820914527779394
1474,West,Pulmonology,564,22.6,17.9,0.02668577199354312
999,Northeast,Neurology,853,34.1,34.0,0.026680593219696784
1345,Midwest,Cardiology,1237,49.5,69.3,0.026523499497044755
1190,Southwest,Pulmonology,1457,58.3,62.8,0.026510541349579222
1387,Southwest,Neurology,1249,50.0,63.0,0.026502035577987925
630,West,Neurology,1387,55.5,67.8,0.02639238316100163
1044,Southeast,Primary Care,1634,65.4,55.6,0.026233927784115724
1184,Southwest,Neurology,1624,65.0,56.0,0.025963323803302688
63,Midwest,Cardiology,1459,58.4,57.1,0.025922305422524373
847,Northeast,Cardiology,800,32.0,35.3,0.025900967979548075
297,Northeast,Pulmonology,264,10.6,12.4,0.025854194614530004
56,Midwest,Cardiology,797,31.9,32.1,0.02568499726981152
347,Southwest,Cardiology,1020,40.8,47.1,0.02562000685693776
837,Northeast,Endocrinology,1080,43.2,49.5,0.025589648203650738
724,West,Neurology,1624,65.0,67.5,0.025577892615711684
413,Southeast,Cardiology,789,31.6,32.2,0.025491828338586216
519,Southeast,Endocrinology,718,28.7,29.0,0.02538680519041153
752,Southwest,Pulmonology,1181,47.2,44.0,0.025327127637155535
1351,Northeast,Endocrinology,1470,58.8,49.7,0.025274229314034006
882,Northeast,Primary Care,1233,49.3,51.1,0.025219972107488716
1440,Northeast,Cardiology,1830,73.2,88.9,0.02506023814733444
1236,Midwest,Neurology,1054,42.2,43.0,0.024833745224475984
1321,West,Neurology,1191,47.6,50.5,0.024775782829986475
1196,Midwest,Neurology,1046,41.8,45.1,0.024746655525539084
799,West,Primary Care,1837,73.5,81.7,0.02472662081600595
1099,Midwest,Primary Care,1233,49.3,42.7,0.024653520514737372
313,Southwest,Neurology,1683,67.3,67.2,0.024622382987862804
580,Midwest,Pulmonology,984,39.4,42.5,0.02461420416807636
922,West,Primary Care,1437,57.5,68.2,0.02454819039831211
805,Southeast,Pulmonology,1706,68.2,76.8,0.024533765341462562
241,West,Endocrinology,926,37.0,34.8,0.024503424176765258
1014,West,Primary Care,1587,63.5,64.8,0.02450327263315368
1000,West,Pulmonology,1671,66.8,60.3,0.02438769328617749
1079,Southeast,Pulmonology,1517,60.7,80.3,0.024194387287936978
779,Midwest,Primary Care,1251,50.0,47.7,0.024186015655581136
734,Southwest,Neurology,1331,53.2,60.7,0.024056350135607817
1422,Southwest,Primary Care,839,33.6,32.6,0.023933367676154765
695,Southwest,Endocrinology,1757,70.3,52.7,0.023876640186026945
1327,Northeast,Cardiology,851,34.0,27.5,0.02378076555794392
1072,Southwest,Cardiology,1172,46.9,64.1,0.02376097779352733
1225,Midwest,Neurology,719,28.8,24.7,0.02367971165928489
203,Southwest,Neurology,756,30.2,37.2,0.023586470271480295
648,West,Cardiology,1621,64.8,70.7,0.023569542100809644
1377,West,Primary Care,944,37.8,41.0,0.023513144897523205
128,Northeast,Pulmonology,1316,52.6,64.4,0.023414772195134253
642,Southeast,Primary Care,1252,50.1,44.8,0.023363181849266067
1283,Northeast,Primary Care,728,29.1,30.4,0.02334435770388587
902,Northeast,Cardiology,1031,41.2,33.9,0.023228808525783073
995,Northeast,Cardiology,1440,57.6,44.1,0.023187414074777316
1456,Southwest,Endocrinology,1084,43.4,46.7,0.023170357288768866
664,Northeast,Neurology,1182,47.3,47.9,0.02315983339184125
813,Midwest,Primary Care,1167,46.7,50.1,0.023070809980027366
236,West,Pulmonology,1108,44.3,46.6,0.022997324432281297
435,Southwest,Pulmonology,1913,76.5,61.1,0.022935327417061578
496,Northeast,Primary Care,1288,51.5,56.0,0.022924275850012884
1476,Northeast,Neurology,507,20.3,26.8,0.022895117944588116
1480,Northeast,Endocrinology,1077,43.1,53.2,0.022698968029216275
610,West,Cardiology,1302,52.1,56.6,0.022592546459940077
359,Northeast,Endocrinology,1309,52.4,48.1,0.02258757999128069
768,Southwest,Pulmonology,695,27.8,30.2,0.02255630952087089
927,Midwest,Primary Care,1047,41.9,42.6,0.02249212435137687
694,West,Primary Care,1004,40.2,52.7,0.022491656369508138
1204,West,Cardiology,877,35.1,39.0,0.022474552940887346
78,Northeast,Neurology,1245,49.8,48.7,0.02246572177675803
759,Midwest,Endocrinology,1402,56.1,65.9,0.02241222946653169
584,West,Neurology,997,39.9,35.1,0.022358183431982953
784,West,Pulmonology,873,34.9,33.7,0.022322828776221562
557,Northeast,Primary Care,1593,63.7,73.4,0.022198763490923097
1426,Southeast,Neurology,1703,68.1,72.9,0.022089688536968285
1086,Northeast,Neurology,1950,78.0,62.6,0.022074605590153524
769,Southeast,Primary Care,612,24.5,32.0,0.022023965264214893
941,Southeast,Cardiology,1390,55.6,71.5,0.021969790659898052
1038,West,Endocrinology,1665,66.6,70.8,0.021796396194130794
594,West,Pulmonology,1200,48.0,56.7,0.02153908914074396
478,Midwest,Neurology,1250,50.0,65.0,0.021520153284730656
1488,Northeast,Primary Care,1300,52.0,52.9,0.021514219581180376
796,Midwest,Neurology,1320,52.8,53.6,0.021444287001585488
872,West,Cardiology,1122,44.9,54.7,0.02128550912129699
583,Midwest,Endocrinology,1099,44.0,50.0,0.02116084536207209
1458,Northeast,Cardiology,1257,50.3,51.4,0.02112320868558399
177,Midwest,Primary Care,1746,69.8,69.5,0.021094882943061735
617,Southwest,Cardiology,1333,53.3,42.6,0.021074376050708173
1285,Midwest,Cardiology,1003,40.1,43.6,0.020957009540012065
13,West,Pulmonology,2216,88.6,95.1,0.02092827963295617
1022,Southwest,Neurology,995,39.8,36.4,0.020745784673944136
19,Southeast,Pulmonology,1128,45.1,50.1,0.020697711040187732
15,Southwest,Neurology,1097,43.9,55.8,0.02062578888012448
1435,Southeast,Neurology,945,37.8,37.2,0.0205948057026127
308,Southwest,Neurology,1888,75.5,84.7,0.0205335745473759
652,Northeast,Pulmonology,1211,48.4,48.7,0.02042794037384942
1091,West,Neurology,1188,47.5,35.5,0.020425930462804408
955,West,Endocrinology,1122,44.9,39.0,0.02042197069897967
467,West,Pulmonology,1066,42.6,53.9,0.0203867486495512
497,Southwest,Pulmonology,1322,52.9,41.1,0.02033038287849115
863,Southwest,Pulmonology,991,39.6,39.1,0.020308863464040143
142,Southwest,Cardiology,1612,64.5,54.2,0.02023164745781066
426,Northeast,Primary Care,1056,42.2,50.5,0.02006778916390772
60,Southeast,Cardiology,1549,62.0,73.7,0.019941584656807263
26,West,Neurology,1169,46.8,42.6,0.019921108970690413
121,Southeast,Pulmonology,1489,59.6,63.8,0.019883535965766058
665,Southwest,Pulmonology,1166,46.6,47.9,0.019844000314400333
1033,Midwest,Cardiology,799,32.0,29.2,0.019843428828973643
815,Northeast,Pulmonology,1044,41.8,50.3,0.019755523021791795
1427,Midwest,Neurology,1551,62.0,65.5,0.019732565143896923
1318,Midwest,Neurology,1579,63.2,59.9,0.019722801526079747
677,Southwest,Neurology,1205,48.2,43.2,0.019655828876783153
730,West,Cardiology,1424,57.0,60.3,0.01964002353831824
363,West,Primary Care,740,29.6,28.4,0.019588794828306874
1075,Southeast,Primary Care,864,34.6,31.1,0.01953501922150202
1370,West,Pulmonology,732,29.3,27.3,0.019380778865135586
763,West,Neurology,799,32.0,32.2,0.01928342768544841
349,West,Neurology,1061,42.4,40.8,0.01926918002042697
850,Southeast,Endocrinology,1428,57.1,67.0,0.019197076334907134
552,Midwest,Endocrinology,1254,50.2,62.8,0.018912287319137536
162,Midwest,Neurology,1206,48.2,44.2,0.018822802544563613
949,Southwest,Primary Care,1417,56.7,48.6,0.018672534461788935
670,Northeast,Endocrinology,940,37.6,37.7,0.018554704727686576
1189,Southeast,Neurology,1280,51.2,62.3,0.018548733691451397
1193,Northeast,Endocrinology,1345,53.8,49.1,0.018473643747229644
145,Midwest,Neurology,1316,52.6,59.7,0.018340748138337866
262,Southwest,Pulmonology,1335,53.4,69.7,0.018325660444430337
259,Northeast,Endocrinology,758,30.3,30.8,0.01823127842488768
854,Northeast,Pulmonology,1284,51.4,62.0,0.018198689621838873
378,Southeast,Primary Care,1965,78.6,85.9,0.018135940602358618
1410,Southwest,Pulmonology,1288,51.5,57.4,0.018109648286127385
728,Southwest,Primary Care,739,29.6,33.0,0.018078521950961268
175,Northeast,Endocrinology,872,34.9,33.6,0.01806946990665744
1339,Southeast,Cardiology,1112,44.5,43.9,0.017995066499091692
785,Southeast,Neurology,811,32.4,33.6,0.01783553600647403
523,Southwest,Primary Care,1819,72.8,62.9,0.017800194684420848
1030,Southwest,Pulmonology,700,28.0,31.5,0.017780238790902066
515,Southeast,Neurology,1222,48.9,40.7,0.01770173600915612
723,West,Neurology,878,35.1,40.1,0.01766233635153266
329,West,Cardiology,856,34.2,32.2,0.01766134245305472
533,Northeast,Pulmonology,1625,65.0,74.6,0.017636484007294662
917,Southeast,Endocrinology,1005,40.2,47.5,0.017354965131980687
22,Northeast,Neurology,1366,54.6,59.0,0.01734716957697271
1424,Midwest,Neurology,1356,54.2,61.5,0.01730118604282642
707,West,Neurology,927,37.1,41.2,0.01728996529651776
12,Northeast,Pulmonology,1856,74.2,67.4,0.017270175469163086
638,Midwest,Pulmonology,1339,53.6,69.6,0.017157085516125638
1214,Northeast,Pulmonology,812,32.5,35.8,0.017129160719155156
853,Midwest,Neurology,918,36.7,44.3,0.017113402897032965
406,Northeast,Pulmonology,1353,54.1,75.1,0.017100412971575874
8,Southeast,Pulmonology,1254,50.2,56.0,0.017084488713630833
1154,Southwest,Pulmonology,1043,41.7,47.4,0.016858203674482923
452,Southeast,Pulmonology,1417,56.7,56.1,0.016699925288099004
1265,Midwest,Neurology,1412,56.5,53.5,0.016655728072749478
582,Southwest,Primary Care,944,37.8,41.4,0.016549233838117967
298,Midwest,Endocrinology,1211,48.4,58.7,0.01650557420002848
681,Northeast,Neurology,692,27.7,23.5,0.01640310534502548
511,Midwest,Pulmonology,1936,77.4,73.5,0.01628524091880295
115,West,Pulmonology,1212,48.5,46.3,0.016261497857186776
1103,Southwest,Neurology,1181,47.2,36.3,0.01621351870210643
1129,Southeast,Endocrinology,838,33.5,36.8,0.016058108437756347
328,West,Primary Care,1169,46.8,51.9,0.0158912937391644
249,Midwest,Cardiology,1106,44.2,40.0,0.01580834027036605
645,West,Cardiology,1536,61.4,65.7,0.015790528708460153
1443,Northeast,Neurology,1481,59.2,62.3,0.01571908587846428
1272,West,Neurology,1275,51.0,76.5,0.015696256893289563
477,West,Endocrinology,785,31.4,31.3,0.015672962974411116
1150,Southwest,Neurology,925,37.0,36.1,0.0156495650520528
250,Southwest,Primary Care,1472,58.9,53.9,0.015576199902210755
581,Southwest,Neurology,839,33.6,43.8,0.015439701942088942
132,Southwest,Neurology,1001,40.0,34.9,0.015431111904940419
1001,Midwest,Cardiology,1006,40.2,40.0,0.015422541234001878
643,Southeast,Neurology,846,33.8,34.9,0.015419446502954928
25,Midwest,Endocrinology,1091,43.6,44.4,0.015352209957747822
95,Midwest,Endocrinology,1431,57.2,76.3,0.015286897409183632
748,Southeast,Endocrinology,1127,45.1,46.5,0.015218588904225108
1143,Southeast,Endocrinology,1317,52.7,57.1,0.015171066828324734
159,Midwest,Pulmonology,812,32.5,27.9,0.015010187062279075
1155,Midwest,Pulmonology,521,20.8,22.0,0.014992484561320353
601,West,Pulmonology,1991,79.6,80.8,0.01497466660365266
1406,Southeast,Neurology,1384,55.4,64.2,0.014883209477150106
564,Northeast,Endocrinology,873,34.9,32.4,0.014873166059472222
561,Midwest,Neurology,1469,58.8,46.4,0.014861289860469777
327,West,Primary Care,959,38.4,47.9,0.014859688523202134
31,West,Primary Care,983,39.3,40.8,0.014853214191115427
1308,Southwest,Endocrinology,759,30.4,31.4,0.014804971530377891
609,Southeast,Endocrinology,1272,50.9,60.7,0.014767136104632258
1376,Southwest,Neurology,567,22.7,17.1,0.01460627960692678
870,Northeast,Primary Care,1370,54.8,60.3,0.014534156064255621
202,West,Neurology,1034,41.4,42.2,0.014438569133670908
1481,Southwest,Primary Care,1186,47.4,60.3,0.014379950480341457
1483,Southwest,Primary Care,1356,54.2,50.4,0.0143691092769708
628,West,Endocrinology,1118,44.7,57.3,0.01428931931111335
62,Southwest,Neurology,1631,65.2,51.4,0.014243806788255878
71,Southeast,Primary Care,1374,55.0,54.4,0.01423350911948136
1419,Southeast,Pulmonology,934,37.4,40.8,0.01419260146507569
696,Southwest,Cardiology,1689,67.6,70.4,0.014184532401682758
330,Southwest,Cardiology,1251,50.0,58.0,0.0140987615920454
803,Northeast,Neurology,1072,42.9,33.6,0.01406626456869709
856,Southeast,Endocrinology,1744,69.8,87.0,0.014055859158172894
876,Southwest,Neurology,493,19.7,20.2,0.014029323477147821
1162,Midwest,Pulmonology,1051,42.0,35.7,0.013989730627211134
125,Midwest,Neurology,1689,67.6,68.6,0.013952740608710235
675,West,Endocrinology,1732,69.3,74.3,0.01394441888693558
500,Northeast,Neurology,1032,41.3,50.9,0.013940504734617859
1303,West,Pulmonology,504,20.2,19.8,0.013896208671028507
1287,Southwest,Primary Care,1724,69.0,58.0,0.01384130773371758
1157,Southwest,Cardiology,1596,63.8,73.2,0.013811402756117044
86,Midwest,Endocrinology,1203,48.1,43.9,0.013807929495743885
332,Southwest,Primary Care,1355,54.2,50.7,0.013798766824441257
499,Southeast,Endocrinology,934,37.4,47.0,0.013781029276055696
275,Midwest,Primary Care,1628,65.1,84.1,0.013765949077540158
1112,Northeast,Pulmonology,1040,41.6,63.0,0.01371482274441082
239,Southeast,Pulmonology,1920,76.8,94.9,0.013673937739930765
1324,Southwest,Cardiology,1702,68.1,68.0,0.01366066850275456
1350,Southeast,Endocrinology,1063,42.5,52.7,0.013633899501095633
596,Southwest,Pulmonology,1506,60.2,63.7,0.013556798312220182
875,West,Neurology,2141,85.6,83.3,0.013553851774322962
1391,West,Endocrinology,1159,46.4,51.9,0.01346299283006859
1347,West,Endocrinology,1466,58.6,79.0,0.013300731696280968
1139,Northeast,Primary Care,1215,48.6,56.0,0.013246778073860373
107,Southwest,Primary Care,1027,41.1,47.4,0.013236918557707979
1224,West,Endocrinology,1027,41.1,52.3,0.013174844259108734
503,Southwest,Neurology,1582,63.3,80.6,0.013162329117974568
1330,Southeast,Neurology,932,37.3,40.1,0.013024919874880738
502,Northeast,Cardiology,1016,40.6,56.3,0.013013481747832577
1328,Southeast,Pulmonology,1022,40.9,53.4,0.012952514052255153
394,West,Neurology,1201,48.0,54.7,0.012942171252267806
491,Southeast,Pulmonology,1268,50.7,55.8,0.012892297685832716
193,Southwest,Cardiology,1334,53.4,55.4,0.012872431197441555
773,Midwest,Endocrinology,1222,48.9,61.7,0.012800447472781066
191,Midwest,Neurology,1270,50.8,59.2,0.012700636732396449
1171,Southeast,Pulmonology,1480,59.2,50.6,0.012645285249184374
397,Southeast,Pulmonology,1409,56.4,72.9,0.012637406094188558
116,Midwest,Primary Care,1973,78.9,88.8,0.012583608682878935
555,West,Neurology,1501,60.0,56.1,0.012571378592710417
443,Midwest,Endocrinology,1219,48.8,58.2,0.01254654331553159
1082,Southwest,Cardiology,1469,58.8,64.9,0.012477300533020002
188,Southeast,Endocrinology,1167,46.7,50.5,0.012459995678081516
940,Southeast,Cardiology,694,27.8,32.7,0.012395458747577718
232,Southeast,Pulmonology,783,31.3,30.8,0.012342401553510778
550,Southwest,Neurology,925,37.0,40.9,0.01228594044409859
1340,Southwest,Cardiology,1216,48.6,43.3,0.01227126735777215
680,Southwest,Cardiology,1380,55.2,49.7,0.012255048076962208
234,Southeast,Cardiology,858,34.3,38.6,0.01221625294291186
1291,Midwest,Pulmonology,929,37.2,39.3,0.01221485611263976
874,Midwest,Endocrinology,1682,67.3,74.4,0.012169560018507691
879,Midwest,Endocrinology,1383,55.3,71.2,0.012136735673602517
387,Southwest,Pulmonology,1015,40.6,45.7,0.012058630585155812
1148,West,Neurology,808,32.3,38.1,0.012010264583460812
295,Northeast,Pulmonology,1313,52.5,53.0,0.011979948479762918
776,Midwest,Cardiology,1458,58.3,65.8,0.01183209129740266
1227,Midwest,Primary Care,1270,50.8,45.6,0.01179027384303372
1235,Southwest,Pulmonology,1988,79.5,94.0,0.011745804117647193
110,Southwest,Neurology,1757,70.3,82.4,0.011742057082947122
939,Southeast,Pulmonology,888,35.5,37.1,0.01171805225938106
1032,Southwest,Neurology,1127,45.1,58.7,0.011701723778020246
243,Northeast,Neurology,1383,55.3,52.2,0.011681272930040244
33,Midwest,Endocrinology,1368,54.7,70.6,0.011661488423581794
1048,West,Neurology,852,34.1,42.1,0.011630950945688435
1234,Northeast,Neurology,1850,74.0,77.4,0.011625384911569319
1312,Southwest,Pulmonology,806,32.2,26.1,0.01160414179940844
639,West,Cardiology,1420,56.8,58.7,0.011560410775518297
1149,Midwest,Endocrinology,932,37.3,41.3,0.011555689071921638
294,Southeast,Cardiology,905,36.2,29.3,0.011546624856985493
190,Southeast,Endocrinology,1594,63.8,64.4,0.011536033275931992
786,Northeast,Endocrinology,1503,60.1,74.8,0.011500498895063173
835,Southeast,Cardiology,670,26.8,30.4,0.011445588257193317
801,Midwest,Cardiology,610,24.4,26.5,0.011439705132270857
1076,Midwest,Primary Care,840,33.6,40.8,0.011408327131714798
1306,Southeast,Cardiology,1344,53.8,66.6,0.011389359067049208
589,Northeast,Cardiology,2069,82.8,78.4,0.011367841839224362
483,Southwest,Primary Care,1360,54.4,67.8,0.011273880141407108
1232,Northeast,Neurology,1718,68.7,105.5,0.011271104832580597
1433,Southeast,Endocrinology,1245,49.8,52.4,0.01125542543745549
644,Northeast,Neurology,1367,54.7,60.8,0.011239150155106008
1107,Southeast,Primary Care,1193,47.7,42.7,0.011179115764065006
1172,Midwest,Pulmonology,1420,56.8,59.1,0.011140243422413435
1454,Southwest,Cardiology,1245,49.8,58.6,0.011104783112126877
761,Midwest,Neurology,1340,53.6,65.8,0.01101036377873771
1280,Southeast,Primary Care,1319,52.8,49.2,0.010990627643023993
233,Southwest,Neurology,567,22.7,20.8,0.010977861639175501
1152,Northeast,Primary Care,529,21.2,20.8,0.010936160702058897
587,Northeast,Neurology,651,26.0,31.9,0.010884849067920619
448,Northeast,Pulmonology,1339,53.6,55.7,0.010879833178629861
91,Northeast,Endocrinology,578,23.1,32.4,0.010866489412793365
800,Midwest,Cardiology,1675,67.0,74.7,0.010825897624664457
897,Southwest,Neurology,1130,45.2,51.1,0.010638064329977766
1096,West,Neurology,1679,67.2,62.7,0.010616585433975773
48,Southeast,Pulmonology,1094,43.8,40.5,0.01058497275434945
1407,Southwest,Neurology,1512,60.5,67.1,0.010583748021094025
42,Southwest,Endocrinology,695,27.8,32.1,0.010336338652180515
389,Southwest,Primary Care,1441,57.6,56.3,0.010303432176194836
454,West,Primary Care,737,29.5,28.6,0.010264240473002123
293,Midwest,Pulmonology,1114,44.6,52.5,0.010167299117104716
932,Northeast,Cardiology,1872,74.9,82.9,0.010163100959003543
456,Southwest,Neurology,778,31.1,34.4,0.010015706163334349
1359,Midwest,Pulmonology,712,28.5,37.1,0.01001455281839748
899,Southwest,Endocrinology,1479,59.2,58.4,0.009961507192210593
1221,Southeast,Primary Care,1281,51.2,43.1,0.009946346473593666
498,Southeast,Endocrinology,312,12.5,12.8,0.00994281237826752
1319,Southwest,Pulmonology,663,26.5,26.0,0.009886770055995406
342,Northeast,Pulmonology,1581,63.2,53.8,0.009864912337216682
1257,West,Neurology,1089,43.6,48.2,0.009844507277563143
1063,Southeast,Primary Care,986,39.4,41.5,0.00980810797431287
920,West,Endocrinology,990,39.6,41.2,0.009792947283450714
563,Southeast,Endocrinology,908,36.3,38.8,0.009713654679266888
1115,Southwest,Endocrinology,1324,53.0,58.6,0.009699803465280843
93,West,Endocrinology,1306,52.2,69.2,0.009663192791027909
245,Northeast,Primary Care,1247,49.9,67.1,0.009620275791370737
812,Midwest,Primary Care,1723,68.9,79.7,0.009556115509379815
1447,Southwest,Primary Care,1470,58.8,70.8,0.009512667901593046
956,Southeast,Endocrinology,1888,75.5,98.7,0.009511944034116515
211,Northeast,Cardiology,1262,50.5,66.8,0.00950263180760589
138,West,Endocrinology,995,39.8,59.4,0.009458649578815476
68,Midwest,Primary Care,967,38.7,44.3,0.00945789210869777
693,Southwest,Endocrinology,1234,49.4,41.9,0.009411716216890671
613,Southeast,Neurology,1502,60.1,49.2,0.009361213701088078
900,West,Neurology,976,39.0,31.3,0.009328331197016277
1217,Southeast,Endocrinology,1193,47.7,49.6,0.009309075851652401
1495,West,Primary Care,1451,58.0,61.8,0.00928605991670094
1490,West,Endocrinology,1137,45.5,55.4,0.009261140355190519
334,Midwest,Endocrinology,893,35.7,47.9,0.009249286643645807
1114,West,Pulmonology,1816,72.6,65.4,0.009224934005410766
1111,West,Endocrinology,1046,41.8,42.3,0.009132157595100648
1486,Midwest,Neurology,1168,46.7,61.7,0.00904748978557775
539,Midwest,Endocrinology,1527,61.1,68.7,0.0089768975682458
536,Midwest,Primary Care,821,32.8,37.7,0.008888832510636036
113,West,Neurology,864,34.6,41.7,0.008842390996975537
623,West,Cardiology,414,16.6,20.8,0.00876955187969224
1166,Midwest,Neurology,967,38.7,34.5,0.00873265311691174
51,Southwest,Neurology,1343,53.7,50.9,0.008697584797168846
473,Southeast,Neurology,1038,41.5,49.7,0.008689385889320217
1165,West,Pulmonology,1370,54.8,64.2,0.008657288145404486
1004,Northeast,Primary Care,1430,57.2,54.3,0.008640220624843018
560,West,Primary Care,1149,46.0,46.2,0.008620457924040315
1313,Midwest,Neurology,947,37.9,39.3,0.00859407486070272
1019,Southeast,Cardiology,1241,49.6,54.1,0.00857306591426851
715,Southeast,Neurology,935,37.4,34.6,0.008561423648968919
1060,Midwest,Neurology,1755,70.2,74.2,0.008536253067769705
574,Midwest,Primary Care,1073,42.9,44.4,0.008478633949165816
1460,Southeast,Cardiology,1339,53.6,49.9,0.008461199722723292
1061,Southwest,Primary Care,1844,73.8,74.0,0.008430170860289193
781,Southeast,Primary Care,1283,51.3,71.5,0.00838635855505231
765,Southwest,Cardiology,505,20.2,19.7,0.008382803693053505
1275,Southwest,Neurology,1092,43.7,66.5,0.008370675963832437
605,Southeast,Endocrinology,1251,50.0,65.2,0.00835396095730733
135,Southeast,Cardiology,1599,64.0,63.2,0.008311863887829845
838,West,Neurology,1244,49.8,49.7,0.008271454961598661
867,Midwest,Cardiology,1373,54.9,72.4,0.008248866598395079
934,Northeast,Primary Care,954,38.2,39.6,0.00821880460135941
117,Southwest,Primary Care,1203,48.1,50.4,0.008205518802979461
457,Southeast,Cardiology,981,39.2,41.4,0.008178312045462878
579,West,Pulmonology,781,31.2,35.7,0.008175880592057792
172,Northeast,Cardiology,1137,45.5,53.5,0.00814936680128344
792,Midwest,Cardiology,1637,65.5,68.0,0.008111530564740168
718,Southeast,Cardiology,686,27.4,30.7,0.008108151408026133
782,Southeast,Neurology,931,37.2,43.8,0.008010009226122845
946,West,Neurology,966,38.6,38.8,0.007990299427036622
807,West,Cardiology,1499,60.0,61.8,0.007970023217748347
717,Southeast,Cardiology,952,38.1,41.1,0.007956968548441197
1220,West,Endocrinology,933,37.3,47.7,0.007935122116355811
1382,Midwest,Neurology,1872,74.9,91.4,0.007933973071297113
1100,Midwest,Pulmonology,1186,47.4,60.4,0.007856474504943525
754,West,Endocrinology,895,35.8,36.7,0.007851948475689497
321,Southwest,Neurology,945,37.8,40.1,0.007827696620888445
1343,Midwest,Endocrinology,1526,61.0,70.3,0.007817415172909088
89,Midwest,Cardiology,1251,50.0,54.9,0.007812518604417387
885,Southwest,Neurology,1503,60.1,66.7,0.0077548393299799925
1158,Southwest,Pulmonology,1254,50.2,52.4,0.007732137084839343
749,Southwest,Neurology,1069,42.8,42.4,0.007634721992139244
207,Northeast,Pulmonology,975,39.0,47.0,0.007606429758090873
391,Southeast,Endocrinology,1315,52.6,63.0,0.00758804139359025
888,Midwest,Primary Care,1270,50.8,65.3,0.007580057005964352
271,Midwest,Pulmonology,1472,58.9,74.2,0.007546124911350725
565,Northeast,Endocrinology,894,35.8,29.2,0.0074783791313094115
32,Midwest,Cardiology,1415,56.6,47.6,0.007472349736562707
1074,Northeast,Primary Care,883,35.3,41.5,0.007472034272465199
72,Southeast,Primary Care,1619,64.8,77.7,0.007469418347934282
649,Northeast,Endocrinology,1017,40.7,44.8,0.0074561433432851765
1066,West,Primary Care,1139,45.6,58.2,0.007438040746868778
1056,Midwest,Pulmonology,1387,55.5,63.3,0.007398914229670952
10,Northeast,Pulmonology,721,28.8,31.7,0.007369617028350043
804,Northeast,Endocrinology,995,39.8,41.8,0.007327441360170034
1341,Southeast,Neurology,862,34.5,38.2,0.007327327347423906
1087,West,Neurology,1248,49.9,56.4,0.007304085314695486
314,Midwest,Neurology,1737,69.5,80.1,0.007284829326994119
1262,Northeast,Pulmonology,2372,94.9,101.0,0.007284262563231007
37,Midwest,Cardiology,1069,42.8,58.0,0.007281431842917172
820,Southeast,Pulmonology,1285,51.4,60.2,0.00724577205078141
788,Southwest,Pulmonology,1295,51.8,52.6,0.007236958592036522
1178,West,Endocrinology,1240,49.6,67.8,0.007206799736977628
24,Southeast,Primary Care,1057,42.3,45.6,0.007205622708770416
576,Southeast,Neurology,1581,63.2,57.8,0.007122470531080514
140,Midwest,Endocrinology,1001,40.0,46.0,0.007049232881988409
513,Southeast,Cardiology,1508,60.3,72.7,0.007035790000755133
1195,Southwest,Neurology,806,32.2,43.1,0.007035753766727202
1329,Southwest,Primary Care,1074,43.0,42.4,0.007024032444208019
912,West,Cardiology,1123,44.9,49.3,0.006999099129184618
1036,Southeast,Cardiology,1105,44.2,52.9,0.006921620177824751
701,Southwest,Primary Care,1253,50.1,54.8,0.00683068632854237
1452,Southwest,Neurology,751,30.0,29.5,0.006811858570668428
830,Northeast,Neurology,1188,47.5,54.7,0.006747148488942985
747,Southeast,Primary Care,1588,63.5,85.6,0.006732731227599028
894,Southwest,Cardiology,1650,66.0,65.7,0.006724973909173079
1373,Northeast,Neurology,1186,47.4,54.9,0.006705197049231002
428,Southwest,Endocrinology,706,28.2,34.2,0.006683034788781671
103,Midwest,Primary Care,1204,48.2,56.0,0.006667114163075057
1050,Southwest,Neurology,1148,45.9,58.0,0.006560098209661409
794,Southeast,Endocrinology,1098,43.9,42.8,0.0065128307924899745
475,Southwest,Primary Care,1080,43.2,47.4,0.006511840357980696
336,Northeast,Endocrinology,835,33.4,34.2,0.0065065841910409514
1282,West,Neurology,1781,71.2,67.6,0.006493954162079083
570,Southeast,Endocrinology,708,28.3,22.8,0.006468218627322985
1062,Southeast,Endocrinology,1459,58.4,68.1,0.006458539250158289
1188,Southwest,Primary Care,1608,64.3,78.9,0.006456973824154272
1205,West,Endocrinology,1059,42.4,53.1,0.006424600445301361
679,Southwest,Primary Care,1045,41.8,46.9,0.006419712913833352
1137,Midwest,Pulmonology,804,32.2,39.7,0.0064165866611191206
403,Northeast,Endocrinology,1632,65.3,83.6,0.006395575176098144
611,West,Pulmonology,1462,58.5,64.5,0.006377069266675597
1208,Northeast,Cardiology,1382,55.3,72.0,0.006346473272456579
1430,Southwest,Pulmonology,569,22.8,26.0,0.006308504481726308
1353,Southwest,Pulmonology,675,27.0,34.4,0.006304061986940432
410,West,Cardiology,838,33.5,44.2,0.006304029056411516
44,Northeast,Neurology,1148,45.9,46.3,0.006294573099636782
74,Southwest,Neurology,1319,52.8,47.8,0.0062866719914085505
1089,Northeast,Primary Care,1585,63.4,76.2,0.006270501102839286
844,Southeast,Pulmonology,1585,63.4,63.3,0.006263232732468257
472,West,Pulmonology,1361,54.4,63.3,0.006232335663176591
736,Southeast,Primary Care,1342,53.7,80.9,0.006228068033335022
756,Southeast,Cardiology,930,37.2,39.4,0.006202906463797467
705,Southeast,Pulmonology,1396,55.8,85.7,0.00618232541600659
942,West,Pulmonology,1125,45.0,52.5,0.006163809450838133
908,West,Pulmonology,1075,43.0,58.3,0.0061360427638842965
84,Southwest,Cardiology,1085,43.4,46.9,0.006133961354058843
200,Midwest,Cardiology,1035,41.4,52.2,0.00612102581661189
944,Southwest,Primary Care,1132,45.3,48.9,0.006107094239761404
1005,West,Pulmonology,722,28.9,29.1,0.006098084011154701
1378,Southwest,Endocrinology,1333,53.3,59.1,0.0060242831060178595
965,Midwest,Neurology,683,27.3,34.9,0.006006260706159865
1385,Southwest,Neurology,1055,42.2,45.3,0.005987505217571927
1168,Midwest,Cardiology,1482,59.3,65.4,0.005932218011917664
998,Southeast,Pulmonology,1248,49.9,70.5,0.005926986397357135
158,Midwest,Endocrinology,595,23.8,28.2,0.005872075349768821
221,Northeast,Endocrinology,1174,47.0,60.5,0.0058356055546027845
429,Midwest,Neurology,837,33.5,35.8,0.0058274889291510465
1316,Southeast,Primary Care,1383,55.3,54.2,0.005823316734857349
1354,Southeast,Primary Care,1658,66.3,79.1,0.005801240736779474
983,Southeast,Neurology,1304,52.2,64.2,0.005793095402422763
1439,Northeast,Cardiology,1508,60.3,62.4,0.00579052286681351
77,Northeast,Neurology,1579,63.2,54.5,0.00578858849287324
1109,Southwest,Pulmonology,1380,55.2,60.7,0.005721440163169711
1463,Southeast,Endocrinology,1395,55.8,56.4,0.005677573906245214
948,West,Primary Care,974,39.0,47.0,0.005660765455630454
73,Southeast,Cardiology,651,26.0,30.6,0.005659528275788825
1412,West,Endocrinology,1566,62.6,61.9,0.0056374801710095
1025,Midwest,Neurology,1439,57.6,84.2,0.005624895313552633
217,Northeast,Primary Care,992,39.7,41.3,0.005613463048908993
558,Southeast,Cardiology,756,30.2,45.0,0.005613285508669604
164,Southeast,Neurology,736,29.4,39.5,0.005593105889879154
1034,Southwest,Endocrinology,883,35.3,47.2,0.005553114022499758
852,West,Cardiology,1018,40.7,56.3,0.005552092150753759
1008,Southwest,Primary Care,1140,45.6,56.4,0.005551703883761773
637,Southwest,Neurology,1840,73.6,86.6,0.005546909091179834
379,Midwest,Cardiology,1156,46.2,48.6,0.0055468289517376914
1,Northeast,Neurology,836,33.4,44.0,0.005506974349069949
88,Southeast,Primary Care,1293,51.7,49.1,0.005482154638829345
255,Northeast,Endocrinology,1437,57.5,65.1,0.005476424290769031
1352,Southwest,Neurology,968,38.7,44.6,0.005451953436103019
1364,Southeast,Primary Care,1049,42.0,41.7,0.005449463467859562
1021,Southeast,Primary Care,1427,57.1,70.6,0.005438223454526667
686,Midwest,Pulmonology,943,37.7,42.3,0.00540343120709726
446,West,Endocrinology,1458,58.3,53.8,0.005385313661946534
436,Northeast,Pulmonology,860,34.4,34.9,0.005373107953952597
509,Southwest,Cardiology,1873,74.9,83.4,0.005349052031004229
252,Southeast,Primary Care,1399,56.0,52.8,0.005271908659973756
1278,Southwest,Cardiology,1358,54.3,63.9,0.005264521706260841
1194,Northeast,Primary Care,1380,55.2,76.1,0.005240536166804095
1243,Northeast,Pulmonology,1345,53.8,44.1,0.005228922662625121
914,Northeast,Cardiology,1001,40.0,42.3,0.005215967838520595
1496,Southeast,Neurology,1070,42.8,43.5,0.005210845644824554
449,Northeast,Cardiology,1493,59.7,65.6,0.005180648396494688
514,Southwest,Endocrinology,619,24.8,29.6,0.0051594014551591865
54,Southwest,Pulmonology,1165,46.6,51.6,0.005159056970370379
182,Southeast,Neurology,698,27.9,32.8,0.005122838585264426
161,West,Cardiology,869,34.8,37.1,0.005096566474738452
204,Midwest,Neurology,1467,58.7,46.8,0.005090778918396283
367,Southeast,Primary Care,613,24.5,29.3,0.005087410445373613
383,West,Cardiology,1342,53.7,57.3,0.005085384997581755
964,Midwest,Neurology,1240,49.6,49.9,0.005073011127544781
1135,Southwest,Pulmonology,1252,50.1,60.4,0.00505427673046038
783,Southeast,Pulmonology,1443,57.7,64.8,0.005050666561414003
722,West,Pulmonology,1080,43.2,53.6,0.005035838394456802
402,Midwest,Pulmonology,1043,41.7,48.1,0.005019554776011049
1146,Midwest,Primary Care,2038,81.5,84.8,0.00499222958256921
915,West,Endocrinology,1160,46.4,55.4,0.00498970622839442
1368,Northeast,Neurology,840,33.6,39.7,0.004981303125609264
372,Northeast,Endocrinology,630,25.2,27.9,0.004972434320121587
861,West,Neurology,590,23.6,23.7,0.004960827143706696
595,Southeast,Endocrinology,1065,42.6,51.0,0.004941927665971228
626,Southwest,Endocrinology,812,32.5,33.8,0.004935513786501482
1367,Northeast,Primary Care,1422,56.9,48.7,0.004931938640095139
651,West,Pulmonology,1885,75.4,91.7,0.004918970512185042
480,West,Endocrinology,1387,55.5,52.8,0.004909582260016673
727,West,Cardiology,886,35.4,39.4,0.0049017599763117965
351,Southeast,Cardiology,1590,63.6,68.3,0.0048930946419062935
832,Northeast,Neurology,1514,60.6,66.8,0.004873489339355259
1179,Southwest,Cardiology,1552,62.1,55.8,0.004858075818077518
1438,Midwest,Endocrinology,1170,46.8,58.3,0.00484026510914785
525,Northeast,Primary Care,683,27.3,28.7,0.004798083234329191
869,Southeast,Neurology,929,37.2,30.5,0.004794419899082958
1389,Southwest,Endocrinology,786,31.4,42.6,0.004791267455160289
226,Southwest,Primary Care,1077,43.1,55.9,0.004791167872906706
1192,Northeast,Endocrinology,1499,60.0,77.0,0.004775570778352518
636,West,Pulmonology,1495,59.8,61.4,0.0047705988498638755
1414,West,Pulmonology,1323,52.9,71.4,0.004762158210895152
538,Midwest,Cardiology,1214,48.6,57.5,0.004758605861407347
99,Southwest,Endocrinology,1016,40.6,50.0,0.004750141285163459
166,West,Cardiology,1327,53.1,57.5,0.00473276137050898
139,Northeast,Primary Care,931,37.2,42.3,0.00472631131314324
305,Midwest,Pulmonology,1016,40.6,46.9,0.004715613906556456
437,Midwest,Primary Care,1099,44.0,52.2,0.004713533514869549
732,West,Neurology,1159,46.4,66.9,0.004708658282287656
1183,Northeast,Pulmonology,839,33.6,43.6,0.004702024422287728
1453,Southwest,Endocrinology,1398,55.9,57.1,0.004677945220987959
476,Southwest,Endocrinology,1640,65.6,88.6,0.004677082862914158
1469,Southeast,Cardiology,733,29.3,38.2,0.004672105630989764
370,Southeast,Cardiology,1248,49.9,46.6,0.00464985408017685
826,Southeast,Cardiology,993,39.7,40.1,0.004628736665918561
1237,Midwest,Cardiology,901,36.0,45.5,0.004614055720937345
884,Midwest,Cardiology,1325,53.0,78.9,0.0046114670995847165
1199,Southwest,Primary Care,1128,45.1,55.9,0.004606750040286961
891,Southeast,Cardiology,1667,66.7,60.5,0.004606333834829943
974,Northeast,Neurology,200,8.0,9.2,0.00459727141837057
416,Southwest,Neurology,1615,64.6,83.5,0.004595116471177811
1479,Northeast,Neurology,1651,66.0,77.3,0.004593834336741261
566,Northeast,Pulmonology,891,35.6,46.2,0.004589384012440012
486,Northeast,Endocrinology,1235,49.4,63.6,0.00457915054576932
746,Southeast,Pulmonology,1174,47.0,56.8,0.004563499712912641
1026,Midwest,Neurology,1123,44.9,68.4,0.004544818637965392
1375,Southeast,Endocrinology,1254,50.2,63.6,0.004522136079916744
713,Southeast,Cardiology,1333,53.3,55.8,0.004481690836482379
1024,Northeast,Endocrinology,1316,52.6,53.9,0.004427591513436224
260,Southwest,Cardiology,1340,53.6,72.5,0.004414595091513512
374,Southwest,Endocrinology,1415,56.6,64.6,0.004410028518986427
1413,Midwest,Endocrinology,943,37.7,49.0,0.004408359147696141
1055,Midwest,Cardiology,822,32.9,31.6,0.004401245410805238
657,Southwest,Endocrinology,1430,57.2,82.6,0.004389465984672495
482,Midwest,Pulmonology,978,39.1,52.1,0.004342767983292364
433,West,Cardiology,1507,60.3,79.5,0.004328906474766183
52,Southeast,Pulmonology,1285,51.4,67.9,0.004325084908967095
261,Northeast,Primary Care,669,26.8,34.9,0.004300740567615566
1356,Southeast,Neurology,1848,73.9,101.5,0.004292260599651836
485,Southeast,Endocrinology,1433,57.3,62.9,0.004263360512602112
1363,West,Cardiology,1390,55.6,63.6,0.004251722492870732
739,West,Cardiology,1355,54.2,60.2,0.004250404944849155
256,Southwest,Pulmonology,1410,56.4,67.5,0.004219517464362538
53,Northeast,Primary Care,1409,56.4,63.5,0.004205267758957914
1097,West,Pulmonology,1330,53.2,66.9,0.004177739793632511
1238,Southeast,Primary Care,1623,64.9,83.1,0.004159116654533592
1383,Northeast,Endocrinology,1340,53.6,55.9,0.004150181002706232
1231,West,Primary Care,1227,49.1,52.7,0.00414133962557748
1395,Southwest,Neurology,2248,89.9,116.1,0.0041409749930338205
780,West,Neurology,1104,44.2,53.6,0.004120172778249333
760,Southeast,Endocrinology,1096,43.8,52.0,0.0041196158345788055
395,Southwest,Neurology,1623,64.9,75.5,0.004119125096906323
1415,Southeast,Endocrinology,993,39.7,46.2,0.004109730778760561
1317,Northeast,Cardiology,2049,82.0,91.9,0.004094689276238295
976,West,Primary Care,1178,47.1,65.0,0.004092605746508911
618,Southwest,Neurology,1122,44.9,62.7,0.004089915118044461
906,West,Neurology,976,39.0,42.8,0.004082835282895425
534,Midwest,Endocrinology,787,31.5,39.1,0.004082295118421829
173,Southeast,Endocrinology,1286,51.4,58.7,0.004056129410581888
55,Northeast,Cardiology,1560,62.4,69.4,0.004038152134353249
61,Midwest,Cardiology,1287,51.5,42.7,0.004037281435993343
210,Southwest,Cardiology,1093,43.7,52.5,0.004037209408827867
981,West,Endocrinology,1370,54.8,70.4,0.004025285558771607
1206,West,Pulmonology,1175,47.0,52.5,0.003969935799182725
969,Northeast,Endocrinology,1380,55.2,69.1,0.003962851349449103
921,Northeast,Cardiology,922,36.9,48.4,0.0039586235788317565
1294,Southeast,Pulmonology,1608,64.3,82.0,0.003952207170740282
1003,West,Pulmonology,878,35.1,41.3,0.003933085228274419
672,Midwest,Cardiology,1466,58.6,56.3,0.00393199889417606
155,Midwest,Pulmonology,1299,52.0,64.2,0.0039296635728522135
517,Southwest,Cardiology,991,39.6,58.2,0.00391111839305597
94,West,Endocrinology,1190,47.6,57.2,0.003905212965336809
1466,West,Neurology,1370,54.8,60.3,0.0039026528565877425
1083,Northeast,Cardiology,1012,40.5,49.2,0.003887578377211736
671,Northeast,Endocrinology,1297,51.9,66.0,0.0038346014496948686
542,Southwest,Cardiology,1322,52.9,56.3,0.0038181537677686077
559,Southwest,Primary Care,788,31.5,37.7,0.0038116790202031726
296,Midwest,Endocrinology,756,30.2,35.8,0.003807084209849799
384,West,Primary Care,990,39.6,34.7,0.0037920593193428048
58,Southwest,Cardiology,717,28.7,33.2,0.003791730327184894
196,Southwest,Neurology,1048,41.9,51.5,0.0037541454205922372
1296,Midwest,Endocrinology,810,32.4,37.6,0.0037539218117613763
709,Southeast,Pulmonology,1573,62.9,67.8,0.0037521262029831053
1260,Northeast,Neurology,1820,72.8,85.1,0.0037457893160717307
1215,Midwest,Pulmonology,1711,68.4,67.5,0.0037428353961690324
1477,Southwest,Cardiology,1397,55.9,85.5,0.0037375963638514903
112,Southeast,Primary Care,604,24.2,30.0,0.0037349498180440947
189,Northeast,Cardiology,785,31.4,33.3,0.0037334032852379085
1248,Southwest,Primary Care,1592,63.7,80.6,0.003658587444907913
1159,Midwest,Endocrinology,2320,92.8,103.0,0.003653738881940402
698,West,Endocrinology,633,25.3,36.9,0.0036473167659150734
1267,Northeast,Pulmonology,1017,40.7,43.8,0.0036386845128148384
1098,Northeast,Primary Care,1538,61.5,68.1,0.0036379928661895776
602,Southwest,Cardiology,895,35.8,41.0,0.0036155001010642453
1042,Northeast,Endocrinology,1226,49.0,57.5,0.003608415940303196
697,Southeast,Neurology,977,39.1,53.6,0.0036042413871029224
767,Southeast,Endocrinology,1078,43.1,41.6,0.0035931991615331966
65,Southeast,Pulmonology,1191,47.6,54.2,0.0035441400242322806
662,Northeast,Primary Care,1081,43.2,58.6,0.0035440277141680168
122,Midwest,Primary Care,854,34.2,36.5,0.003543024986973023
331,Midwest,Endocrinology,1247,49.9,71.3,0.00352775330864975
691,Northeast,Pulmonology,1377,55.1,76.9,0.003527323002887612
1401,Midwest,Cardiology,1056,42.2,52.5,0.003518816251391941
285,Southeast,Pulmonology,1545,61.8,82.7,0.0035052611996553586
977,West,Cardiology,1588,63.5,82.7,0.003498897881028441
777,Southwest,Cardiology,1094,43.8,54.1,0.0034939819596305622
1437,Southwest,Neurology,1626,65.0,81.9,0.0034874864337269317
530,West,Endocrinology,1340,53.6,61.9,0.0034714392420074724
1342,Northeast,Endocrinology,1265,50.6,61.0,0.0034707266370453973
793,West,Neurology,697,27.9,37.7,0.003468021235851246
292,Midwest,Endocrinology,1881,75.2,105.5,0.003461095761776346
1186,West,Endocrinology,1399,56.0,63.1,0.003446170185241454
119,Southeast,Pulmonology,1721,68.8,72.6,0.003438294961724271
185,Midwest,Cardiology,1288,51.5,50.0,0.0034307765490325833
959,Northeast,Endocrinology,1291,51.6,62.7,0.0034188311523351113
674,Southeast,Primary Care,1285,51.4,56.4,0.0034067932906683943
341,Southeast,Cardiology,1632,65.3,78.0,0.0034013577372016598
1163,Southeast,Primary Care,799,32.0,41.1,0.0033989432914086405
447,West,Primary Care,2214,88.6,130.6,0.0033845221865598358
396,Southwest,Cardiology,777,31.1,36.0,0.0033708660952650555
1121,Southwest,Neurology,1476,59.0,70.7,0.003362255288612398
620,Southwest,Pulmonology,1957,78.3,76.3,0.003353382517351454
1101,Midwest,Primary Care,1530,61.2,66.2,0.0033432277893314924
1223,Midwest,Primary Care,1195,47.8,61.7,0.0033424451915410997
11,West,Neurology,773,30.9,37.8,0.0033349140609459683
237,Southeast,Endocrinology,872,34.9,50.1,0.003333358663834274
625,Northeast,Primary Care,510,20.4,26.8,0.0033184732956072142
28,Southeast,Primary Care,1092,43.7,45.6,0.003315379790175973
1092,West,Primary Care,1505,60.2,74.7,0.0033121018030137185
97,Southeast,Endocrinology,1255,50.2,62.3,0.0033084699110440003
1461,Southeast,Pulmonology,1281,51.2,58.9,0.003307767533210182
1210,Northeast,Neurology,1081,43.2,53.2,0.003299642089565728
631,Southeast,Endocrinology,701,28.0,34.9,0.0032944364112852806
174,Southwest,Neurology,1137,45.5,57.8,0.0032829242695678507
1445,Midwest,Pulmonology,1267,50.7,63.7,0.003282613846960599
585,West,Neurology,539,21.6,28.5,0.0032792940935754424
253,Midwest,Primary Care,1422,56.9,69.5,0.003265370257615292
992,Southeast,Pulmonology,950,38.0,44.7,0.003255298853835705
655,Northeast,Endocrinology,1237,49.5,60.6,0.0032480139562991337
808,West,Primary Care,922,36.9,34.1,0.003226317941682662
1390,Southwest,Cardiology,1764,70.6,87.3,0.003218124600496759
1081,Southwest,Primary Care,1376,55.0,69.3,0.0031726170521885525
1213,Midwest,Primary Care,1400,56.0,78.0,0.003156099473278571
494,Southwest,Pulmonology,1451,58.0,66.1,0.003151983953853369
339,West,Primary Care,304,12.2,16.4,0.0031510056970395707
1006,Northeast,Cardiology,1094,43.8,52.0,0.003143871777257654
411,Midwest,Primary Care,1654,66.2,85.6,0.003126079442299963
527,West,Endocrinology,1323,52.9,62.0,0.0031071955737155816
1147,Northeast,Endocrinology,811,32.4,43.8,0.003104724337483218
1448,West,Neurology,1568,62.7,69.0,0.0030941750003900914
230,Northeast,Neurology,705,28.2,38.0,0.0030749368383260005
29,Midwest,Neurology,690,27.6,34.1,0.003052960792973065
1002,Southeast,Neurology,1681,67.2,92.5,0.0030488429578447145
50,Midwest,Neurology,1369,54.8,81.3,0.0030488121483152955
811,Northeast,Pulmonology,1099,44.0,61.7,0.003041217155543192
1180,West,Endocrinology,1117,44.7,53.1,0.0030366099503396178
440,Midwest,Endocrinology,1059,42.4,51.2,0.0030334438375215138
376,West,Cardiology,1522,60.9,84.7,0.0029923975585603286
1176,Northeast,Neurology,1698,67.9,76.3,0.002951597762431431
315,West,Cardiology,1041,41.6,38.1,0.0029459196538550877
100,Southeast,Endocrinology,1456,58.2,60.9,0.002944180565068767
85,Southwest,Pulmonology,1526,61.0,65.9,0.002915136279635303
604,Southeast,Primary Care,1210,48.4,66.0,0.002913525044578855
615,Southeast,Cardiology,567,22.7,29.4,0.0028934083651302508
1226,Southwest,Endocrinology,1682,67.3,99.4,0.002889178882558825
919,Southeast,Endocrinology,1428,57.1,82.8,0.0028830866490129115
860,Southeast,Endocrinology,1683,67.3,78.6,0.002862782134665025
504,West,Primary Care,1155,46.2,51.2,0.0028618289082680366
300,Southeast,Primary Care,1190,47.6,55.3,0.002858362293584237
706,Midwest,Cardiology,700,28.0,34.3,0.002830519791121424
641,Southwest,Cardiology,897,35.9,48.0,0.0028216874468288094
622,Midwest,Pulmonology,1265,50.6,61.8,0.002817892600611242
843,Northeast,Primary Care,889,35.6,43.7,0.002788828749651499
291,West,Primary Care,1236,49.4,64.4,0.002776361943095078
306,Northeast,Primary Care,1586,63.4,82.9,0.002766255960732955
83,West,Primary Care,1797,71.9,68.1,0.002738027522279325
386,West,Neurology,994,39.8,48.9,0.002718904867007253
928,Southwest,Pulmonology,1176,47.0,66.1,0.0027149515380545564
757,Southeast,Primary Care,936,37.4,42.5,0.0027113513218764546
479,Northeast,Endocrinology,1340,53.6,73.1,0.002706222128569085
554,Midwest,Endocrinology,1221,48.8,65.5,0.0027059553249071697
169,West,Pulmonology,971,38.8,50.9,0.002699781642637763
1198,Midwest,Endocrinology,1400,56.0,83.0,0.002697856282845214
7,Southwest,Cardiology,783,31.3,38.2,0.0026930640340831575
290,West,Primary Care,1330,53.2,61.1,0.00268675824933115
629,Northeast,Endocrinology,1014,40.6,42.4,0.0026866357142170606
846,Midwest,Neurology,1448,57.9,74.7,0.0026827926821639584
1475,Southeast,Primary Care,927,37.1,50.8,0.002672769550552487
597,West,Neurology,1442,57.7,59.3,0.002664845126585302
814,Southwest,Endocrinology,1900,76.0,109.3,0.0026558935924580465
676,Midwest,Primary Care,1858,74.3,70.3,0.002652957012711988
380,Southeast,Neurology,1226,49.0,48.3,0.0026063939473403427
712,Southeast,Pulmonology,1276,51.0,65.3,0.00260540120012556
720,Northeast,Endocrinology,1533,61.3,75.7,0.002593155073526638
1355,West,Neurology,1120,44.8,66.3,0.002580637468297618
81,Northeast,Pulmonology,1594,63.8,78.5,0.002567396627394223
371,West,Neurology,770,30.8,39.4,0.0025572583541944075
791,Northeast,Pulmonology,1796,71.8,88.3,0.0025519337952445253
39,Northeast,Cardiology,1548,61.9,71.0,0.0025472363117007694
186,Southeast,Pulmonology,889,35.6,43.0,0.002538023326794748
690,Midwest,Endocrinology,1197,47.9,60.1,0.002519366227741468
703,Southeast,Neurology,372,14.9,13.6,0.002516976722547608
382,Southeast,Pulmonology,1129,45.2,52.0,0.002512319951203519
973,Midwest,Cardiology,875,35.0,53.2,0.002506930179175733
301,West,Pulmonology,971,38.8,46.2,0.0025035081919159035
684,West,Cardiology,1467,58.7,66.6,0.002484941304718252
1249,West,Endocrinology,961,38.4,39.8,0.0024840013106829364
871,Northeast,Primary Care,1422,56.9,68.0,0.002474714441057821
526,West,Endocrinology,1049,42.0,52.7,0.0024727254337716586
41,Northeast,Endocrinology,1843,73.7,100.5,0.0024461158383351483
930,Northeast,Endocrinology,1360,54.4,56.4,0.0024397091350670764
418,Southeast,Pulmonology,1134,45.4,61.8,0.0024394204953561097
279,Southwest,Primary Care,1499,60.0,75.9,0.0024121068642365224
156,Southeast,Cardiology,1388,55.5,69.6,0.0024086404809068817
407,Southeast,Neurology,1107,44.3,45.6,0.0023825985806945646
238,Midwest,Endocrinology,1216,48.6,53.7,0.0023759492254188984
1133,Southwest,Neurology,1975,79.0,77.4,0.0023678916750322554
59,Southwest,Endocrinology,1416,56.6,83.7,0.0023582533671315563
858,Southeast,Cardiology,1280,51.2,70.4,0.0023543919917039108
1372,West,Cardiology,1214,48.6,41.4,0.002353031648610401
75,Southwest,Pulmonology,1139,45.6,56.7,0.0023345467799497513
109,Southeast,Cardiology,1725,69.0,82.1,0.0023260670069737603
1201,West,Cardiology,1420,56.8,61.6,0.0022947822378121927
627,West,Primary Care,1392,55.7,70.1,0.002294413654320434
464,Northeast,Primary Care,1376,55.0,71.3,0.0022771832717684024
1331,Southeast,Primary Care,1180,47.2,69.1,0.0022770135245336943
154,Southeast,Pulmonology,1541,61.6,83.2,0.002275853318215956
537,Midwest,Neurology,546,21.8,25.9,0.0022722857798775126
453,Northeast,Cardiology,1207,48.3,50.7,0.002262501404909922
272,West,Cardiology,973,38.9,51.2,0.002258275232352155
1361,Midwest,Pulmonology,878,35.1,42.8,0.0022557219068879584
46,West,Primary Care,1075,43.0,44.6,0.00223651759973044
381,Midwest,Primary Care,1236,49.4,61.3,0.0022253714502988692
1023,Northeast,Endocrinology,1101,44.0,64.0,0.0022045703282808
192,Midwest,Primary Care,735,29.4,50.0,0.0021923709535539813
1085,West,Pulmonology,1316,52.6,74.7,0.002161244536825055
567,Midwest,Primary Care,1328,53.1,69.4,0.002152307600651924
810,West,Pulmonology,1074,43.0,46.8,0.002151520151183417
535,Northeast,Endocrinology,1813,72.5,75.0,0.0021476248467115133
896,Southwest,Pulmonology,924,37.0,47.1,0.0021298024500687796
16,Midwest,Primary Care,1810,72.4,82.5,0.002127722110807554
562,Midwest,Endocrinology,1407,56.3,71.4,0.002116941095142029
357,West,Endocrinology,1002,40.1,46.4,0.0021141407279718005
1200,Southwest,Primary Care,1545,61.8,71.8,0.0021055563425004665
423,Northeast,Neurology,1136,45.4,54.2,0.0021024897098580156
957,Southeast,Neurology,894,35.8,52.1,0.0020932857978409164
659,Midwest,Pulmonology,1504,60.2,87.7,0.002083227959839263
1078,Northeast,Primary Care,1219,48.8,58.1,0.0020823323028490263
1307,West,Primary Care,1909,76.4,99.7,0.0020718714531017587
183,Southeast,Endocrinology,1545,61.8,85.0,0.0020483158846206716
1106,Southwest,Endocrinology,1656,66.2,73.0,0.0020316561335200992
1185,Northeast,Primary Care,1749,70.0,111.8,0.0019690928973953967
353,Midwest,Endocrinology,1133,45.3,45.1,0.001951000321348623
923,Northeast,Pulmonology,687,27.5,31.9,0.0019316663139723285
1167,Southwest,Pulmonology,1496,59.8,74.9,0.0019065322567104683
1218,Northeast,Primary Care,1064,42.6,56.7,0.0018571941437784964
568,Southwest,Neurology,1395,55.8,74.5,0.0018539687401438886
1040,Northeast,Pulmonology,1076,43.0,57.5,0.0018349695521249984
80,Southeast,Pulmonology,1027,41.1,47.2,0.0018182946992720802
364,Midwest,Neurology,1260,50.4,60.8,0.0017832234647986004
1332,Midwest,Neurology,1312,52.5,70.0,0.0017561267758801902
855,Southwest,Endocrinology,979,39.2,55.6,0.0017545217554204942
547,Northeast,Cardiology,1619,64.8,100.4,0.001690388732368318
635,Southeast,Primary Care,937,37.5,46.5,0.0016777269527261333
1175,Midwest,Endocrinology,714,28.6,41.1,0.0016681771116917087
840,Southwest,Pulmonology,1833,73.3,84.2,0.0016658414604481793
286,Midwest,Endocrinology,1066,42.6,55.6,0.0016137438429562308
312,Midwest,Neurology,1718,68.7,80.3,0.0016058114193644544
929,Southwest,Endocrinology,1118,44.7,49.4,0.001571873432690231
1141,West,Endocrinology,1324,53.0,82.1,0.0015681689211823927
961,Southeast,Neurology,1049,42.0,46.9,0.0015235532675806143
120,Southwest,Neurology,1169,46.8,58.7,0.0014982559445975638
1302,Midwest,Pulmonology,1251,50.0,58.4,0.0014748421211377362
171,Midwest,Neurology,1227,49.1,72.4,0.0014667975159761491
751,Southeast,Neurology,2320,92.8,158.0,0.0014624754644627313
343,Southeast,Primary Care,2181,87.2,119.4,0.001458145747668032
1059,Northeast,Primary Care,917,36.7,49.2,0.0014299663777668924
1384,Southwest,Pulmonology,1094,43.8,61.7,0.001382999486703697
194,Southeast,Cardiology,1510,60.4,74.2,0.0013729358740527512
223,Southeast,Pulmonology,1035,41.4,48.5,0.0013526121368801906
242,Midwest,Neurology,891,35.6,39.5,0.001262851870032357
806,Southeast,Endocrinology,1395,55.8,79.2,0.0011630208836009225
1077,Southwest,Cardiology,1581,63.2,86.7,0.0011470865698062617
890,Southwest,Endocrinology,849,34.0,47.9,0.001100315152400387
398,Northeast,Pulmonology,1079,43.2,69.2,0.0010699971343315086
907,West,Neurology,1480,59.2,94.6,0.0010155912495037383
719,Southwest,Cardiology,1451,58.0,92.9,0.0008439486556859658
284,West,Pulmonology,1457,58.3,78.2,0.0008040483454390412
1256,West,Cardiology,1522,60.9,87.7,0.0007715557679409338
